Region,StartChannel,EndChannel,Model,RMSE,MAE,NRMSE,SNR_dB,MRE
Early_1_2,1,2,Raw,1.152210425805655e-12,1.5944300239478465e-13,0.00019527155299063834,74.18722039579303,0.0005298592642827892
Early_1_2,1,2,FCED_H512,1.5516389082482154e-10,9.443522786809942e-12,0.026296493462335112,31.60204318342796,0.010369403278870367
Early_1_2,1,2,FCED_H512_SRCG,1.1102715682225114e-12,1.562282857440661e-13,0.0001881639399474849,74.50927203712828,0.0005285403968777071
Middle_3_30,3,30,Raw,1.2691774222239097e-12,1.5588677134997362e-13,0.0008510523999888809,61.40087398454974,0.011303487269831528
Middle_3_30,3,30,FCED_H512,8.713249128739159e-12,6.408751223577104e-13,0.0058427068216521175,44.66771810789752,0.010290243786579986
Middle_3_30,3,30,FCED_H512_SRCG,9.858287219494388e-13,1.4778794464555513e-13,0.0006610517056968456,63.595291396653444,0.007888094256183312
Late_31_40,31,40,Raw,1.4701627183154638e-12,1.5454329690037679e-13,0.011748526694795423,15.872100530884648,0.1650154763048657
Late_31_40,31,40,FCED_H512,4.848515490084935e-13,5.539445069432364e-14,0.0038745992505279277,25.507232888755638,0.04867800552891779
Late_31_40,31,40,FCED_H512_SRCG,4.828535494396612e-13,5.4374784531067444e-14,0.003858632615693444,25.54310007275555,0.048731579005705496
