Channel,AlphaMean,AlphaStd,AlphaMedian,AlphaP10,AlphaP25,AlphaP75,AlphaP90,AlphaStarMean,AlphaStarMedian,AlphaTeacherMAE
1,0.10308256899590039,0.06612210996503243,0.0914868712425232,0.03349468670785427,0.05648420564830303,0.1324705146253109,0.18298833817243576,0.2896853501847209,0.08586848737039655,0.27319484048554354
2,0.19552890270283238,0.09201570327371851,0.18687016516923904,0.08492138236761093,0.12887603044509888,0.2464866191148758,0.31399424374103546,0.3819152782601566,0.22851960165254157,0.3377509033931611
3,0.2995420607837433,0.10327383294750248,0.29829274117946625,0.16589618474245071,0.22732779756188393,0.3628771901130676,0.4323566108942032,0.47361576186048343,0.4234236506470853,0.38697232903841394
4,0.3986339960072889,0.09609368975438895,0.4045191556215286,0.2698206454515457,0.33476341515779495,0.4613697752356529,0.5198553502559662,0.5535970862322842,0.6336273404430192,0.4057579191253181
5,0.49523981838979947,0.07495360048652032,0.506001740694046,0.39056001603603363,0.4485468864440918,0.5480514615774155,0.5826018750667572,0.5772654532343283,0.6987366410033159,0.40218940145744775
6,0.5831713953416261,0.05717210244198619,0.5975331664085388,0.49826277792453766,0.5491354614496231,0.628602534532547,0.6424103677272797,0.5845079438169987,0.7079968472067302,0.3863633274217626
7,0.6085824008517854,0.05714244947657841,0.624204158782959,0.523028552532196,0.5753455460071564,0.6548109799623489,0.6664642989635468,0.582297767047779,0.7058052473991188,0.3845017880382364
8,0.6338753090524483,0.06715107639772516,0.6535269021987915,0.5324151515960693,0.5957479923963547,0.6884787678718567,0.6993601024150848,0.5970110434586319,0.749848785771091,0.384090676454038
9,0.6550383602023603,0.0797741045669133,0.6787679493427277,0.5340785682201385,0.6099060624837875,0.7193402051925659,0.731989175081253,0.6084842471551524,0.7962816164212012,0.3814951840865013
10,0.6761916121945443,0.07837568299774891,0.6999126076698303,0.5580152869224548,0.6334284245967865,0.7389968782663345,0.7512816190719604,0.6135897506552745,0.8123801357086058,0.37912853554999587
11,0.7090939717118994,0.07490847160370857,0.7329400777816772,0.5963972210884094,0.6694083213806152,0.7693495750427246,0.7793035805225372,0.6160572341347632,0.8211583116622287,0.3739928999703844
12,0.7402659447542324,0.07537802382754456,0.764255702495575,0.6274862289428711,0.7011728882789612,0.79959337413311,0.8104587197303772,0.62895679403875,0.8630041499214245,0.36804472944068317
13,0.7716303934516303,0.05947859240449239,0.7912713587284088,0.6835150122642517,0.7416437864303589,0.8188760876655579,0.8265362679958344,0.6371363525519644,0.875072629939845,0.35999765681139667
14,0.8134886064382733,0.05343339141240927,0.8311342298984528,0.7344704568386078,0.7874447554349899,0.8554640710353851,0.86185622215271,0.649567974783499,0.9120893778760302,0.35017739689901933
15,0.8467467437683872,0.03683120344086454,0.8588827848434448,0.792737603187561,0.828740805387497,0.8759204745292664,0.880217045545578,0.6596553162679544,0.9321641561089657,0.33983658119517524
16,0.8762533521072917,0.028203280623291117,0.8855526447296143,0.8348888754844666,0.8623875081539154,0.898815706372261,0.9016317129135132,0.6705798439366456,0.9432551691710529,0.32871120553778077
17,0.9094952122606021,0.015482379152561376,0.9144406914710999,0.8871693015098572,0.9017894119024277,0.9217696338891983,0.923421710729599,0.6887285332682611,0.9769235769478914,0.31331737156434425
18,0.932845065689916,0.007160490073939223,0.9349518716335297,0.922674685716629,0.9292134195566177,0.9384181797504425,0.9394334852695465,0.6996318625075222,0.9648743243621147,0.30005581556997557
19,0.951484298671509,0.004042565745643584,0.9522278010845184,0.9456798434257507,0.949037715792656,0.9544679373502731,0.9557842314243317,0.7086595132721931,0.9792637998230667,0.29151485731529186
20,0.9585030170566952,0.0051523921610803014,0.9590283036231995,0.9514610767364502,0.9552472531795502,0.961792379617691,0.964061826467514,0.7200742638478814,1.0,0.2814320444671368
21,0.9741607232254316,0.005024276794521817,0.9745196402072906,0.9675025343894958,0.9711287021636963,0.9771579205989838,0.9795708060264587,0.737263758115395,1.0,0.263610407534216
22,0.9852511134867258,0.002297075299545147,0.9851140975952148,0.9824924468994141,0.9837869703769684,0.9863717257976532,0.9878516495227814,0.7458825813736772,1.0,0.2544740441891235
23,0.9907127118674017,0.0015140452464392422,0.9905072450637817,0.9890648722648621,0.989734098315239,0.9913498610258102,0.9924863576889038,0.7621189902577538,1.0,0.23827464652021763
24,0.9967983553864517,0.00045423030340377196,0.9967321157455444,0.9963793754577637,0.9965556561946869,0.9969330430030823,0.9973062872886658,0.7726877859667844,1.0,0.2274377510192434
25,0.998696535559993,0.00022432829281293258,0.99870365858078,0.9984473586082458,0.9986118376255035,0.9987909197807312,0.9989172220230103,0.7822422858403211,1.0,0.21779703873189613
26,0.9990669728335237,0.00017374740277804052,0.999049961566925,0.9988994598388672,0.9989787638187408,0.9991248250007629,0.9992672204971313,0.7903698178207325,1.0,0.20963616598978957
27,0.9999850108003807,4.84046829918591e-06,0.9999847412109375,0.999980092048645,0.9999825954437256,0.9999868869781494,0.9999910593032837,0.8022891560234205,1.0,0.19771103793748096
28,0.9999996281286674,1.6911230571824215e-07,0.9999996423721313,0.9999994039535522,0.9999995231628418,0.9999997615814209,0.9999997615814209,0.8131387589814115,1.0,0.1868612496815908
29,0.9999997525463878,1.1644318237948602e-07,0.9999997615814209,0.9999996423721313,0.9999997615814209,0.9999997615814209,0.9999998807907104,0.8230181688219185,1.0,0.1769818383829597
30,0.9999976753922801,8.590949841869103e-07,0.999997615814209,0.9999967813491821,0.9999972581863403,0.9999980926513672,0.9999988079071045,0.8276408597725203,1.0,0.17235918258584068
31,0.9999970357916581,1.1899996412870185e-06,0.9999971389770508,0.9999957084655762,0.9999966621398926,0.999997615814209,0.9999982714653015,0.8267879805238976,0.998363090742721,0.17321199037798116
32,0.9999990815623127,3.7970269225852e-07,0.9999990463256836,0.9999986886978149,0.999998927116394,0.9999992847442627,0.9999995231628418,0.8379719922932942,0.9997853473460663,0.16202800329548375
33,0.9999982748667258,7.358631245774704e-07,0.9999983310699463,0.9999974966049194,0.9999979734420776,0.9999985694885254,0.9999990463256836,0.8439036278633897,0.9976583134761905,0.15609633804264716
34,0.9998608119270922,3.4995210065775504e-05,0.999861478805542,0.9998228549957275,0.9998473227024078,0.9998754262924194,0.9998962879180908,0.8497296671978349,0.990665647402486,0.15026426213166874
35,0.7717131109703939,0.11075884237125785,0.8005994260311127,0.679893285036087,0.7541822195053101,0.8321498036384583,0.8513227105140686,0.6002209552575082,0.6869483820199942,0.31504025739848135
36,0.9972593860067112,0.00031901751629557216,0.9972915649414062,0.9968737363815308,0.9971409440040588,0.9974391460418701,0.9975910186767578,0.8549371345493426,0.9946930501934794,0.14499860721626298
37,0.998358549215514,0.0002606612287664676,0.9983844757080078,0.9980471134185791,0.9982692301273346,0.9985023438930511,0.998623251914978,0.8609795838419878,0.9886236615987577,0.13892067555683754
38,0.9994296583011115,0.00011576834927726493,0.9994310140609741,0.9993032217025757,0.9993849098682404,0.9994791150093079,0.999545693397522,0.8585900439397691,0.985504941703472,0.141346168982011
39,0.9998288320288613,4.690826928151427e-05,0.9998328685760498,0.9997743964195251,0.999812662601471,0.9998542964458466,0.9998764991760254,0.8695691876248729,0.990533403033979,0.13041836919100436
40,0.9999944433217808,2.8941185531332385e-06,0.9999948740005493,0.9999912977218628,0.9999938011169434,0.9999960660934448,0.9999970197677612,0.9279050656203401,0.9982942148266111,0.07209477496447315
