Channel,Time_s
1,1e-05
2,1.1937766417144358e-05
3,1.4251026703029993e-05
4,1.7012542798525893e-05
5,2.0309176209047348e-05
6,2.424462017082331e-05
7,2.8942661247167517e-05
8,3.455107294592218e-05
9,4.124626382901348e-05
10,4.9238826317067415e-05
11,5.878016072274912e-05
12,7.017038286703837e-05
13,8.376776400682924e-05
14,0.0001
15,0.00011937766417144369
16,0.00014251026703029993
17,0.00017012542798525892
18,0.0002030917620904735
19,0.00024244620170823283
20,0.0002894266124716752
21,0.0003455107294592218
22,0.0004124626382901352
23,0.0004923882631706741
24,0.0005878016072274912
25,0.000701703828670383
26,0.0008376776400682924
27,0.001
28,0.001193776641714437
29,0.0014251026703029992
30,0.0017012542798525892
31,0.002030917620904737
32,0.0024244620170823282
33,0.0028942661247167516
34,0.003455107294592222
35,0.004124626382901352
36,0.004923882631706742
37,0.0058780160722749115
38,0.00701703828670383
39,0.008376776400682925
40,0.01
