Channel,Raw_RMSE,Raw_MAE,Raw_NRMSE,Raw_SNR_dB,Raw_MRE,FCED_H512_RMSE,FCED_H512_MAE,FCED_H512_NRMSE,FCED_H512_SNR_dB,FCED_H512_MRE,SRCG_RMSE,SRCG_MAE,SRCG_NRMSE,SRCG_SNR_dB,SRCG_MRE
1,1.6522864729966428e-11,1.6046170303673173e-12,0.0035109601696775923,49.09148194778983,0.003155265132101769,5.777937912380327e-11,7.525543302444089e-12,0.012277598470225233,38.21773148006408,0.016299577346308724,1.643726108183491e-11,1.647873133540656e-12,0.003492770164258994,49.136599828490205,0.0031620544781349137
2,2.269830361934203e-11,2.0428921134037804e-12,0.005747363236791833,44.81062708656144,0.0037843756280945945,4.958027013766266e-11,5.425666359871695e-12,0.012554058075802165,38.024317332183024,0.013027560490333961,2.252206453070312e-11,2.054040870710068e-12,0.005702738313453253,44.8783311361771,0.0037859538978537383
3,1.7384151773548875e-11,1.7022869231338527e-12,0.005254827865052864,45.58883011595779,0.004375064317423219,5.100141065093828e-11,4.843611510675815e-12,0.015416549356945869,36.240256446502926,0.011746961072695723,1.6624538100642874e-11,1.668431142647781e-12,0.005025214183174225,45.97690846287246,0.004375374172804991
4,1.3737891077510988e-11,1.493685140611919e-12,0.004962717701669676,46.085608568566286,0.005171496446151027,4.840564517798243e-11,4.604019771450347e-12,0.017486203000893066,35.146089682104844,0.011510223061459685,1.142173977898724e-11,1.3092679431790468e-12,0.0041260241375646696,47.68936471397339,0.005126724266479866
5,1.6208740837858006e-11,1.6928506201717473e-12,0.006999068899211167,43.09919462494548,0.006079969521263467,4.314618914952286e-11,4.389586876676568e-12,0.01863088278212085,34.59533133114579,0.011890783610049142,1.3107458894503831e-11,1.495830482170613e-12,0.0056599096014872214,44.9438101037568,0.005940852122737626
6,9.87818231722376e-12,1.2659949726737494e-12,0.005094993522075521,45.857127276639396,0.006926357131545701,3.433446277707376e-11,3.786289367776793e-12,0.01770911487714864,35.036062896555904,0.01226730124835108,7.537761722340789e-12,1.1378722578386003e-12,0.003887845548194815,48.20581993098051,0.006679357687264487
7,1.6522826958775844e-11,1.60461603995426e-12,0.010161434042555194,39.860899949663924,0.007737641764801141,2.5307550911853665e-11,3.0930608548391696e-12,0.015563983694256477,36.15758465720931,0.012424935449116598,1.3407635530493048e-11,1.4128252732396198e-12,0.00824561102344308,41.675543127187844,0.007743918746187144
8,2.2698244096507e-11,2.0428899825150816e-12,0.016596482382403698,35.599679014856555,0.009226489660538004,1.8081848488795016e-11,2.4162831385732455e-12,0.013221070255904094,37.57466773903533,0.013203856798700158,1.9630185595032785e-11,1.8760707816199096e-12,0.014353182034966841,36.86103614301639,0.009275637577594332
9,1.7384142871355766e-11,1.702282053602988e-12,0.015052644003482742,36.44774418709155,0.010852481608733392,1.2180599606205384e-11,1.9152438600253842e-12,0.010546981290822334,39.53743648758345,0.01429637352174657,1.4767494545089882e-11,1.5800964285255573e-12,0.012786931162242296,37.86467345635876,0.010944145206348302
10,1.3737934692675223e-11,1.4936849928002733e-12,0.014018399742588979,37.0660312004675,0.012740718813960349,7.58317084862272e-12,1.3647852927418155e-12,0.0077379841039002745,42.22744333565419,0.01575358923143248,1.153318419835637e-11,1.4074572376513421e-12,0.01176863844633596,38.58547558501308,0.012933313345719396
11,2.2698248987779027e-11,2.0428932666347417e-12,0.025895312974103007,31.326106252268495,0.014700150339071094,6.267901153085739e-12,1.1651578326690708e-12,0.007150739342813859,42.50351058832811,0.017628991691612486,1.8047243464916424e-11,1.826354017649533e-12,0.020589210123453404,33.31773582214772,0.014906156383605238
12,1.738409224943854e-11,1.7022792305506184e-12,0.019832653603027425,32.314075795623665,0.01740906557150977,6.112000093108387e-12,1.178743233070579e-12,0.006972879511278768,41.39344911037401,0.01989264830656244,1.3841257371549765e-11,1.5472304945601842e-12,0.01579080799511762,34.29360526966207,0.017599463057945176
13,1.3737885172217729e-11,1.4936817116818648e-12,0.015672875750389594,33.077052041568294,0.020405143848944655,5.4443531347919695e-12,1.0645974620964444e-12,0.006211194019542375,41.116523943769074,0.022142840178542043,1.0757313358242965e-11,1.3625348171356094e-12,0.012272488345783077,35.20137328758057,0.02035648227481655
14,1.738414289624573e-11,1.7022825424318567e-12,0.019832711383472253,29.791056504066262,0.02404758470264343,4.890104153498323e-12,9.77140397254072e-13,0.005578878687910219,40.80775998418632,0.024682595409293562,1.1992354686839124e-11,1.3970584193212476e-12,0.01368148609522044,33.01603287274944,0.02339003855419829
15,1.3737909567136875e-11,1.4936829208111388e-12,0.015672903581349887,30.624240872853022,0.028174272136398375,4.065431314623123e-12,8.789291698829737e-13,0.004638050112304535,41.20052137571095,0.02756477808182114,8.858538583441462e-12,1.1853096675286397e-12,0.010106269837593737,34.435412315317315,0.026540847123051683
16,1.6208735247138763e-11,1.692846074025752e-12,0.018491746758308107,27.993131618055433,0.03318536443608689,2.8972913759084003e-12,7.052630206116918e-13,0.003305376859541565,42.94827071552484,0.030278630667035955,8.309649192733743e-12,1.138033258075691e-12,0.009480068998568935,33.796460396935146,0.029929004749001252
17,9.878177715144815e-12,1.2659928001426833e-12,0.01126952584250923,31.102973137758973,0.0391181091048809,2.5700971484582865e-12,6.074430435244264e-13,0.0029320971000454743,42.79751904538851,0.033137173152948646,4.51064691979272e-12,7.811088382254027e-13,0.005145974641770605,37.91173317813986,0.03326142377548221
18,5.29974001407899e-12,8.251043726965453e-13,0.006046212041283146,35.30896406495612,0.04506535091649692,3.4359782853625817e-12,6.659883239056124e-13,0.003919938190808962,39.07304715892889,0.036170037973600515,3.806604442350076e-12,6.853736004253229e-13,0.00434276729699894,38.1833003674968,0.03664360237564653
19,5.037549451870454e-12,7.95524170923031e-13,0.005747091758000431,34.52374025612159,0.05124762147232291,4.921005261647954e-12,7.989834480389783e-13,0.005614132238402688,34.72705011804786,0.04025154242044999,4.77168534252877e-12,7.784404737588225e-13,0.005443780505943463,34.99469075741882,0.04066983933296052
20,5.745651518172265e-12,8.87122901990653e-13,0.006554930487515073,32.12104860414636,0.059229212610243116,5.910865959068073e-12,8.342802085564923e-13,0.0067434154960785905,31.874812022882587,0.04389951911446713,5.7734679081831015e-12,8.338786887826085e-13,0.006586664835196611,32.07909911921553,0.04449248306741572
21,3.732050472404374e-12,6.83018558431651e-13,0.0042577123490932555,34.56529090194988,0.06849635007740865,6.915439085468612e-12,8.815823245461229e-13,0.007889483438478957,29.207845868567,0.04828981078747843,5.782073274696273e-12,8.045189553534657e-13,0.006596482273503656,30.76256925117406,0.04836299475056762
22,1.0631762072898373e-11,1.222426291021433e-12,0.012129253075518416,24.118226287382605,0.0801241599144917,7.25860552995216e-12,8.169184302403666e-13,0.008280985112766526,27.433267362760063,0.05172544801130104,7.607467251774097e-12,8.441991719183823e-13,0.008678984248123947,27.025529437504474,0.05203901526593757
23,6.59168374415111e-12,9.608705642029733e-13,0.00752012693459321,26.86088510125124,0.09965128726602115,7.813891513339522e-12,7.743423824524547e-13,0.008914483508950756,25.383464808067856,0.05543778307168904,7.691934275958984e-12,7.809156795858196e-13,0.008775348510778588,25.520101058641703,0.0562468353156879
24,8.178592997084996e-12,1.0587615811749509e-12,0.0093305534475964,23.518278224907586,0.12114842534424108,7.457526473578014e-12,7.355653821064795e-13,0.008507924208159691,24.31995407634457,0.060116692113298974,7.480274682614155e-12,7.440880256431146e-13,0.00853387651808934,24.293499234185578,0.060819424985038804
25,3.4626080416923036e-12,7.375815897755396e-13,0.0039503187666389975,29.452729402183593,0.1459667530042514,8.036983258009969e-12,7.526588654823595e-13,0.009168997879345154,22.13893479565559,0.06508904428447973,7.696114343840993e-12,7.374485999260416e-13,0.008780117344097668,22.51536583766307,0.06602276306793252
26,1.9342867042450197e-11,1.6857327454041355e-12,0.02206732317327183,12.91553871929886,0.18117941065008153,6.867738140483393e-12,6.674306711131619e-13,0.00783506378257432,21.909681098996057,0.07004281577751055,6.3358938493936045e-12,6.29471565019544e-13,0.007228308857175662,22.609797800629266,0.07033544436296385
27,1.8427725667950248e-11,1.6593908254551357e-12,0.021023283506556297,11.676969006493177,0.19168166137625167,6.698018691373802e-12,6.344594897228674e-13,0.007641439232290661,20.467476670135063,0.07437878067772916,6.243447521064159e-12,6.032860328332461e-13,0.00712284139989794,21.077914460302587,0.0742503317609032
28,5.8498699461797095e-12,9.167989307527779e-13,0.006673828152809644,19.91892704625602,0.21626221374379528,7.0439877319322676e-12,6.258241741219455e-13,0.008036138250238486,18.305479447819238,0.08112337106356332,6.7582410794404965e-12,6.002799765989358e-13,0.007710143985149553,18.665177669401587,0.08016970346040847
29,4.538633126483257e-12,7.933487496867832e-13,0.005177902724928014,20.334061302369935,0.24924814591958838,5.623809544562724e-12,5.289509894117525e-13,0.006415926988095351,18.47195078525836,0.08688116216843908,5.499692714688463e-12,5.167742341557919e-13,0.006274328217340921,18.665794379721323,0.08636639946884937
30,9.134235305900897e-12,1.2177297366940766e-12,0.010420798633090929,12.405859127639554,0.32885079687539864,4.8713429284035766e-12,4.654002852833846e-13,0.005557474931353155,17.866328957685603,0.09213506054628458,4.8884141770481575e-12,4.62863239503809e-13,0.005576950677114344,17.835943133257896,0.09244197725547058
31,3.732382317079979e-12,7.014957249321328e-13,0.004258090934319729,18.263590517125596,0.39729499345230707,3.5886105024163298e-12,3.8659962576954603e-13,0.004094068760645696,18.604786505126846,0.10348724077674105,3.5752851246331945e-12,3.8455472448506746e-13,0.004078866494233946,18.637099341695347,0.10346445552897318
32,1.0643673816711793e-11,1.1980999186127006e-12,0.012142842596643236,7.184473887958722,0.45100887423270486,3.1103603579734883e-12,3.3883470233887183e-13,0.0035484567543219805,17.87009086147148,0.11522051919874682,3.0663932571193946e-12,3.3542523091802415e-13,0.003498296857063222,17.993747999075886,0.1151085549030518
33,9.652964703088642e-12,1.0618718523118546e-12,0.011012591422758393,5.997274075680995,0.5446967611287816,2.1282028841119864e-12,2.648403781271353e-13,0.002427961724542744,19.13022789070379,0.12763130780431076,2.053128995465656e-12,2.596400966649548e-13,0.0023423136270297423,19.44216371094519,0.12754658122955942
34,1.3891377747705747e-11,1.4432442383008601e-12,0.015847987860737992,0.7437055908512673,0.6376080665886856,1.7139018701423603e-12,2.2716684465205063e-13,0.0019553061277163986,18.91889296208828,0.13471386477238223,1.6489089613539801e-12,2.2445066349808052e-13,0.0018811589230100538,19.254678449786443,0.13548899562543362
35,2.7043854667896817e-11,2.1530569693168366e-12,0.030853000204042098,-7.187321911694889,0.8003888165500084,1.1659962411697922e-12,1.7573606820045308e-13,0.0013302276139439712,20.120106948503963,0.14778427203553673,1.2748059788420609e-12,1.8490088422365132e-13,0.0014543632780284787,19.345168123280455,0.1480243792605986
36,2.118183799646238e-11,1.7092845863902491e-12,0.024165314451368648,-7.258347967071298,0.9392040530178405,9.184303859575836e-12,1.1722897757218388e-12,0.010477919376998147,0.0,0.9978499479436176,1.6565120949710393e-11,1.3634080036914173e-12,0.018898329632280313,-5.122967348799196,0.6429140919217019
37,3.136238423821385e-11,2.230085584771725e-12,0.03577979763548663,-12.903888051644962,1.0553157618138063,8.447475222639633e-13,1.3127859093205543e-13,0.0009637307919611379,18.489754842035108,0.17341287482413517,8.952065854379409e-13,1.347518416229344e-13,0.0010212970488990057,17.985828007416103,0.1728773854017917
38,2.8828794035823698e-12,5.506917722336419e-13,0.003288934950997976,5.55390177631633,1.2394366379835517,5.464136805163617e-12,7.653524972912813e-13,0.006233764233497034,0.0,0.9968655859632072,2.544124227699121e-12,4.3266880392868263e-13,0.0029024658755280107,6.639665008696306,0.7557554616619233
39,3.3556525049283946e-12,5.83892808963872e-13,0.0038282984689364825,1.9316503296826872,1.3846161586597132,7.270170703414169e-13,1.2778439233825778e-13,0.0008294179248867499,15.216297786818185,0.33099477048483217,6.894617339402779e-13,1.264648045289276e-13,0.000786572893515439,15.676986605870455,0.330087187013796
40,5.797997253871171e-11,4.280770090166013e-12,0.06614649156101036,-25.141138397705696,2.9794787852071445,3.207901949242971e-12,5.017210461370038e-13,0.0036597371458303844,0.0,0.9954259522703169,4.643703812397683e-12,5.729131615048605e-13,0.00529777268924212,-3.2128685214455386,0.911441708450235
