Sample,Raw_RMSE,FCED_RMSE,SRCG_RMSE,AlphaMean
1,8.983656033568133e-14,2.617635966421362e-13,8.400541522336869e-14,0.6328453120193445
2,8.37170776910237e-14,1.1393935172857132e-13,5.572927810740121e-14,0.6405333251459524
3,2.2172400327625584e-13,2.7470229068250757e-13,1.576080510142027e-13,0.6365682447794825
4,2.158904471919914e-14,1.7999079330593803e-14,1.48761407694067e-14,0.6309049502480775
5,3.102449983554837e-11,5.6135217271136296e-11,1.4441114461818047e-11,0.6413562382338569
6,1.9293091138818915e-12,1.4609215866549873e-12,1.5123428538471856e-12,0.5704208786402887
7,3.6442161296350665e-13,1.1884262529935077e-12,3.2677709010119104e-13,0.6442660064902157
8,7.071838054568693e-13,7.849699927626576e-13,5.691446687786969e-13,0.6315627279574982
9,3.452292588012978e-14,3.2056483015893736e-14,2.5484257809130376e-14,0.6313592803082428
10,1.7567397656736852e-13,3.84686005378057e-13,1.3308038867060612e-13,0.6475908753462136
11,2.655154912076043e-13,7.756218996474364e-13,2.296609740274771e-13,0.6316090992884711
12,2.190882199280945e-13,3.731383472055729e-13,1.320504852639086e-13,0.6448595723137259
13,1.4256235583922736e-12,2.0903181395053415e-12,1.3630425012585242e-12,0.6249220225028693
14,8.394540981113341e-14,2.8688833796824885e-13,1.2235501130425824e-13,0.6200066456687636
15,3.8887869378989445e-14,1.0190265637556162e-13,2.4800546812382644e-14,0.6390440713614225
16,5.781033392131276e-14,2.26663529383582e-13,5.513034230356188e-14,0.6312608430162072
17,7.69806261879661e-14,5.0494718880266525e-14,5.5711076380459586e-14,0.6304874769994058
18,1.0763835816256909e-13,8.945563578993112e-14,6.6216708406909e-14,0.6397555434843525
19,1.6066613482457125e-13,6.927579668994499e-12,2.7393245906722977e-13,0.6613498425111175
20,1.8359458896893032e-12,2.840488893329125e-12,9.006875536834808e-13,0.6005925347359152
21,8.727453764009602e-13,2.4164172932960763e-12,7.85534950460676e-13,0.6235129772685468
22,1.0586670206996855e-13,4.115353026020641e-13,6.555350021013478e-14,0.6349182710517198
23,8.355390909565458e-14,5.535843537537358e-14,3.3352863582225197e-14,0.6280252417083829
24,2.015012790476426e-13,3.541552528580473e-13,6.731623909495555e-14,0.6174242700450122
25,2.7028527316336627e-13,8.91037138352949e-13,1.7036520046426662e-13,0.6328593155136332
26,3.331574341917864e-13,3.317288427037895e-13,2.512334838553508e-13,0.6230501924525015
27,1.1823818715083022e-13,4.152226338943328e-13,4.8994095522784883e-14,0.6261413635453209
28,1.689473130772964e-13,1.438035681052947e-13,6.666085905782182e-14,0.629866055236198
29,4.835593818535135e-13,1.7990890518498132e-12,4.938975530070114e-13,0.6446237324271351
30,1.3674122243826832e-13,1.4512879025534734e-13,7.400488384049739e-14,0.6233474870095961
31,2.2755341759813633e-13,4.932931261879218e-13,1.29085724772596e-13,0.6019751397310756
32,4.1941237275784903e-13,5.853756541097462e-13,3.343050349296501e-13,0.6320406053448095
33,1.3415215572281127e-13,9.406427074479056e-14,6.975047618369483e-14,0.6136688230035361
34,2.3212482960254484e-13,6.910064194620532e-13,1.4702039114884985e-13,0.6489663489162922
35,8.298307796429436e-13,8.224658824888332e-13,6.528727858756161e-13,0.582642766488425
36,1.8096062046767924e-13,4.784939759878566e-13,1.7022899549466474e-13,0.6425105080008506
37,3.5144083940068097e-14,9.043383820372762e-14,3.166356261584882e-14,0.635240662517026
38,4.001252947551455e-13,6.548555131083065e-13,3.7931035693724434e-13,0.6364449215354397
39,1.2303704128351358e-13,1.3164195267186764e-13,8.443289038526131e-14,0.6312426694552414
40,1.3519285071328703e-13,2.5022887531360116e-13,7.80296617225955e-14,0.6378409546799958
41,9.201515861494112e-14,8.733760255686956e-14,6.635417417060225e-14,0.6247073696227744
42,2.4791320368859816e-13,3.710501307998129e-13,2.1215677475555986e-13,0.6118964269058779
43,1.0199027948050857e-13,1.914679588833916e-13,9.928761578617593e-14,0.6312346103601157
44,4.197156602279828e-14,6.90352701126529e-14,3.349383847617204e-14,0.6405721074668691
45,4.719840058408566e-14,9.18183567722094e-14,4.43807331974266e-14,0.6269034607452341
46,9.54578314457114e-13,1.7176827464988456e-12,7.408163404406982e-13,0.6372338001849129
47,2.820829370476287e-13,1.7399535178352238e-13,2.286026692388973e-13,0.6173922942369245
48,2.479773747618463e-13,1.8324031637739899e-13,2.2029045144876895e-13,0.6186914503341541
49,7.02464821545805e-14,2.2031558581273138e-13,6.104168274638414e-14,0.627774765866343
50,6.728901604437268e-14,8.766027087280538e-14,4.591724174325836e-14,0.6434786586556583
51,4.1069559471492387e-14,5.5014550370061654e-14,2.892217479475948e-14,0.6393056659027934
52,1.750973242941233e-13,2.17984129460778e-13,1.453806494254981e-13,0.6203484131139703
53,9.772336734475936e-14,7.871130697747999e-14,4.923820633392332e-14,0.6244390333420597
54,1.9080113997363463e-13,1.9813205781883738e-13,1.0534135872362197e-13,0.6436313125770539
55,2.007499206447126e-13,6.002866571604221e-13,2.724978978463562e-13,0.6369493739213794
56,5.235607678828311e-13,5.864405138100119e-13,4.635864967512471e-13,0.5878366892138729
57,1.373384084735929e-12,1.3085305094327775e-12,9.985813309805394e-13,0.6550023924093693
58,3.4045426691421275e-13,1.0756533170850695e-12,5.826486833122407e-13,0.6254046651301906
59,1.4681161474249833e-13,1.0750304953719029e-12,1.4701838154605926e-13,0.658436095295474
60,2.8574697471141534e-10,2.9961868670722725e-10,1.653485479881299e-10,0.6000053284806199
61,5.241085582092427e-13,9.24765743655162e-13,3.2258146076674396e-13,0.6451363786123693
62,1.6967662151569961e-13,2.2626800997422472e-13,1.1233740197513224e-13,0.6119080449978356
63,2.148329957220792e-13,4.60350250498758e-13,2.06601336053753e-13,0.6103265855403152
64,3.009122133662979e-13,6.100349286049781e-13,2.3281747268771406e-13,0.6020734087214805
65,3.646437761267444e-14,3.3205342811382175e-14,1.3624767377758271e-14,0.6409297849982977
66,1.0937983606893394e-13,1.0380798409410482e-13,7.032593481136922e-14,0.6326233652536757
67,4.379448363129337e-14,4.458074953137727e-14,1.3592886526976468e-14,0.6322743116412312
68,4.7281123676751964e-14,2.0152882030224304e-13,2.2452835079488792e-14,0.6335467590019107
69,3.112605120920957e-14,5.960173073673854e-14,1.1035356401444768e-14,0.6323476827703416
70,4.389740275801325e-12,4.933623680563895e-12,2.716417751457864e-12,0.6089355708216317
71,1.0737784331750788e-13,2.0516635593832779e-13,1.1982087321994745e-13,0.6322673885966651
72,2.985259110863548e-13,2.93261661158403e-13,2.501054077957486e-13,0.6423013126477599
73,1.0675601930042154e-13,4.196686705700162e-13,5.2127828583201915e-14,0.6388092902023346
74,1.6994812940958668e-13,2.0583696178075924e-13,1.4594229101110356e-13,0.6314867903012782
75,6.729379300272184e-14,2.659327563101535e-13,2.863641465051689e-14,0.6192215388524346
76,2.937685139670257e-13,8.408904958014125e-13,2.0145851780851338e-13,0.6158743438776583
77,1.7989183815818114e-13,1.8254041632382634e-13,1.2314992704048881e-13,0.6290495456545614
78,2.5651881368457653e-13,4.164320441323268e-13,2.357970740515914e-13,0.6325468095601536
79,5.952083626606785e-14,1.8035346811359533e-13,4.4981373995103345e-14,0.6298081468208693
80,3.295959749216201e-13,2.7049099204881614e-13,2.264742998320351e-13,0.6272054984234273
81,1.545716283188e-13,2.656256581573483e-13,9.668598131058209e-14,0.6333619767683558
82,2.446492673618221e-13,7.130244254403518e-13,1.486684595459344e-13,0.6312472639488987
83,1.1163590105363534e-13,1.7976733552881182e-13,9.129529456791012e-14,0.6322707296465524
84,1.2311329277421195e-13,6.920536765643466e-14,8.470471121160873e-14,0.6309283905196935
85,7.55546416697654e-14,1.1257573044028258e-13,3.725852938499005e-14,0.6328116845921613
86,3.663133839797522e-13,9.896775363531214e-13,2.649121956698529e-13,0.6512196520809084
87,3.8111869507289126e-13,4.658336485748068e-13,1.8813395071079254e-13,0.6293241781182587
88,9.288730985024634e-14,5.214672503863718e-13,9.004310911553366e-14,0.6544875275343657
89,8.307505498775795e-14,1.1626629225719547e-13,7.13654902335386e-14,0.6390682854456827
90,1.9032969703963874e-13,1.5697767605406794e-13,1.4881450660827381e-13,0.6333216057042591
91,1.7200987218313812e-12,7.703092898838323e-13,7.457941643840913e-13,0.5954556457028957
92,2.376087657716715e-13,4.2951679289454913e-13,1.738902861147545e-13,0.6243131995783188
93,4.4884654904922347e-13,4.84448563435171e-13,3.674157972439093e-13,0.6096228143258486
94,1.0732765025688098e-13,1.3248102678586898e-13,9.492713281918535e-14,0.6431705710710958
95,2.1039605341045195e-12,3.631748317269111e-12,1.7451893579409236e-12,0.546595065933252
96,1.1688343997370532e-13,2.8191788812162074e-13,9.024021499135723e-14,0.6410651890560984
97,5.4252391111107266e-11,2.3476101807662366e-11,4.06275964912688e-11,0.5934618790342938
98,8.250097492960633e-14,9.718796747531569e-14,5.785273554662623e-14,0.6295849546790123
99,1.7383078177687583e-13,3.0632044803610875e-13,1.5409749391499515e-13,0.6456089084036648
100,4.867408293991266e-13,1.0509826070179026e-12,4.0311517022071223e-13,0.648446875018999
101,6.755563445750285e-13,1.8573341758232225e-12,5.305256595986034e-13,0.5537672980266507
102,2.5559946964887524e-14,5.5197171086157e-14,1.1861914015578192e-14,0.6322247106116266
103,5.185602713232268e-14,2.075896392316049e-14,1.928285891360057e-14,0.6300115233869292
104,1.2698158123191846e-13,8.560478443553673e-14,6.507126043029056e-14,0.6143580806441605
105,1.299871826869353e-12,1.1351109295348989e-12,9.270003339564548e-13,0.6275495597510599
106,9.067405881914841e-14,3.579301772254405e-13,5.1693325759258054e-14,0.6300621908623725
107,5.086836070129768e-13,9.9396788598134e-13,2.441579160623419e-13,0.6408936752006411
108,2.944345769551697e-14,5.1232505519265864e-14,1.0807503127830303e-14,0.6319985533133149
109,3.674843319686549e-13,1.5141906779672086e-12,3.684393347884748e-13,0.6293104825657793
110,3.875804010443314e-14,9.326468236045204e-14,1.8904177139401465e-14,0.6432422917801887
111,2.389882429004057e-13,2.7232299858503396e-13,1.2931879114325605e-13,0.6238998766057193
112,1.1471983250312392e-13,3.5981647517868375e-13,8.842234153711319e-14,0.6450485221110285
113,2.1329127953073443e-13,8.361486452983939e-13,1.475371964800006e-13,0.6428136344766244
114,8.108755215638088e-13,7.182679811867452e-13,7.309682743418883e-13,0.6144707738189027
115,8.950955871278568e-12,1.3923844854457307e-10,1.6179919005519496e-11,0.6553704815451056
116,6.062958527483032e-13,4.167296478590712e-13,2.657304128064894e-13,0.6172609745641239
117,3.0403527560655475e-13,8.023587996185158e-13,2.7495589390073693e-13,0.6240766585920937
118,1.937216943423835e-13,2.1054054960032502e-13,1.7124511217071452e-13,0.6327852350194008
119,4.4334033494697303e-13,5.509103135655303e-13,4.746496192494637e-13,0.6393756805919111
120,2.6107973526185973e-13,3.2597932069789094e-13,2.157839206925591e-13,0.633247125474736
121,2.2158381891995967e-13,3.7003996372063564e-13,1.6574686729020622e-13,0.5998628531116992
122,1.4612293140838006e-13,2.4176787979476537e-13,1.2930324663611825e-13,0.6322989064734429
123,1.3182773254137143e-12,2.8033677549025225e-12,1.036421347681231e-12,0.6250480126589537
124,2.1917815455611498e-13,2.12616549546333e-13,2.1723836535054755e-13,0.6131586156261619
125,5.850049227074263e-13,8.76627056086056e-13,5.33946197608156e-13,0.6434839254477993
126,2.0163361865686227e-13,2.025277675050107e-13,1.883023473874417e-13,0.6304291901295074
127,2.5545481847601238e-12,3.3187696951953358e-12,1.5331615814391263e-12,0.621235839126166
128,3.650209798273829e-13,2.9309580217883547e-13,2.554085549353251e-13,0.6318480787449516
129,3.2435755085477036e-12,5.70333486373739e-12,3.5430845880189025e-12,0.6056759559898637
130,1.8835064837932412e-12,2.5415832568095467e-12,1.6991153093848169e-12,0.5636987417950877
131,1.4770565446047136e-13,1.4200312965509496e-12,1.278202163517513e-13,0.6512799601769075
132,9.055807980557141e-14,1.3172734250554793e-13,6.558828399251062e-14,0.6366640873951838
133,2.447165738628537e-13,2.728117287086583e-13,2.164445013688123e-13,0.633526441862341
134,1.77037337026106e-13,2.242123964662479e-13,1.5440573360219768e-13,0.6266322674462572
135,6.9138091711282e-14,1.545800640618874e-13,7.886174132806764e-14,0.6264825185062364
136,1.1671634504550463e-13,1.1127112344356944e-13,1.0889173062307399e-13,0.637960193050094
137,1.5779216614259336e-13,3.692270348223392e-13,1.491608283335059e-13,0.6316701091476716
138,1.3490307630354362e-13,3.0679291400659483e-12,1.9073678616902802e-13,0.6648422344587743
139,8.724647496463495e-13,1.3565335280111896e-12,6.523956930270705e-13,0.6234947193646804
140,1.0952588007451945e-13,2.2513030934809775e-13,1.046813014307865e-13,0.6241338437772356
141,1.5038112245648058e-13,5.778999724082847e-13,1.2403233393231394e-13,0.6365547813009471
142,1.3515651860869432e-13,1.4747515278346096e-13,1.0603390764058682e-13,0.6257238769088872
143,5.4503834065012645e-14,2.9226430136406073e-13,2.9516260300140844e-14,0.6517267858842388
144,2.3418953526353503e-13,2.9337464072430574e-13,1.5072480234593297e-13,0.6015580224047881
145,1.228454632565731e-13,2.6964642321109997e-13,1.3668568048695439e-13,0.6147242485487368
146,2.929726672983609e-13,3.76684483262498e-13,2.46917153775371e-13,0.6387163855833933
147,2.576344189433355e-13,4.393172131846969e-13,2.0134173231671593e-13,0.629183444113005
148,6.40797346337273e-14,1.8218143515205196e-13,6.804250136272055e-14,0.6430034978315234
149,3.780164351489521e-13,1.4570441456716486e-12,3.334342145053258e-13,0.6491181042278186
150,6.61519928152241e-14,4.8991186614325786e-14,4.815589556436713e-14,0.6307805089978501
151,6.981509106175138e-14,6.171858760008255e-14,5.4876841892409624e-14,0.6398109211353585
152,4.093420078713168e-13,4.190120417989045e-13,3.1620037945438766e-13,0.6113043178804218
153,1.105133318151221e-13,1.4009848287575494e-13,9.17214918103733e-14,0.6365458087064326
154,5.4650145334353783e-14,1.0092675675295069e-13,2.6424298733382595e-14,0.6223114217282273
155,2.7876359349615715e-13,2.5003511896964657e-13,1.3914507896546375e-13,0.6135340477863792
156,3.205463020040915e-12,3.2221278675760723e-12,1.98455118877066e-12,0.6053765025513712
157,1.961697284578207e-13,2.1263215860126645e-13,1.4447587929578005e-13,0.6147353370848577
158,1.4297876292987518e-12,2.8984811634702427e-12,1.3296139310759969e-12,0.6446492129238323
159,6.134906269712801e-14,9.317769550173888e-14,6.146605258915957e-14,0.6268551034969277
160,2.3560531219714624e-13,3.252866548706152e-13,2.2188527604525014e-13,0.6272797603625804
161,7.675741343976123e-13,8.364573349203932e-13,6.80169057714372e-13,0.6022490736213513
162,3.747401682246633e-13,6.849239137589271e-13,1.1036084774113716e-13,0.6282106406288221
163,6.123552874722805e-14,9.566892714001767e-14,2.6667571941904443e-14,0.6315176665550097
164,4.945436594060624e-13,5.53899808614738e-13,3.543620888437865e-13,0.6176548467134125
165,1.3582902618644817e-13,2.440884559284535e-13,1.2358249480765756e-13,0.6281019594869577
166,2.4337931297787754e-14,2.855975499307684e-14,1.1919697201602655e-14,0.6315183257218451
167,2.4680552417072905e-13,2.6216860583437404e-13,1.2478489605431407e-13,0.6134125616226811
168,6.799982136186373e-14,3.2026861514843274e-14,3.768620880629155e-14,0.6297755471779964
169,8.538160657117587e-14,3.6661657294719015e-13,4.483516846112009e-14,0.6430118661141023
170,1.0786267911617004e-13,2.65459367579448e-13,1.0675697057210825e-13,0.6276381618459709
171,5.85026490470737e-14,1.1809190597334852e-13,2.748617510115441e-14,0.6383504744619131
172,3.5244157358255424e-14,3.775224461765954e-14,2.2948504904238698e-14,0.6404201819794253
173,1.2724669264939134e-13,3.325441849837024e-13,1.119291109889013e-13,0.6445992224151269
174,3.830811002176498e-14,8.079648050638127e-14,2.8502038050465e-14,0.6317334900144488
175,7.099536033933803e-14,6.607024829554817e-14,7.057550427100929e-14,0.6398615073878318
176,1.928438624471527e-12,3.9316501560851305e-12,1.578681837113468e-12,0.5965387312171515
177,1.5853567689109142e-13,3.8136523811155577e-13,1.0927927713132955e-13,0.6322467700461857
178,4.5705803719161037e-14,6.522536709052331e-14,2.1798547741490034e-14,0.6407112277578563
179,9.933440689692695e-14,1.789044451748964e-13,5.967208929245434e-14,0.6378035034053028
180,5.205528416344745e-14,6.921374523360177e-14,3.2124467143197354e-14,0.6315684977918863
181,5.935342464772361e-14,2.383096260037873e-13,3.002142324396715e-14,0.642605409421958
182,8.015852265446326e-14,7.156480125536947e-14,5.568917862544391e-14,0.6342090947087854
183,7.684269685611275e-14,1.16819012745577e-13,6.772807470007125e-14,0.6347083162749186
184,1.4757815464642704e-13,9.042412518687778e-14,1.1605638553328593e-13,0.6259767345502041
185,1.0044965578939242e-13,1.3660907013485595e-13,7.023410272138241e-14,0.6419273090781644
186,5.013449752710219e-13,7.878995808587394e-13,3.480658629860373e-13,0.6312030316796153
187,3.206946425613885e-14,5.587716842804561e-14,1.4978067524683045e-14,0.6315446671680547
188,1.4955606639136913e-13,1.2769649859065804e-13,5.72038680488193e-14,0.6321148394607008
189,4.0557881110111086e-13,7.550926487479061e-13,3.297993681505579e-13,0.6335130274179391
190,1.4608252058652555e-13,2.7268282597979773e-13,1.3563639038558137e-13,0.6048264931887388
191,2.0029654888702376e-13,4.534290145712305e-13,1.2489228518392144e-13,0.6254608685732819
192,1.384452530097523e-13,3.75772049857132e-13,1.4771736108727792e-13,0.6087634965835604
193,1.2632264017591486e-13,1.877219690898455e-13,1.244370731387878e-13,0.6087262957938947
194,4.410053963155201e-14,1.1093543660373846e-13,3.645172960042331e-14,0.6331636918475851
195,6.208472774328612e-13,1.61194200997433e-12,3.604326292038091e-13,0.6371980928583071
196,2.1412289890532432e-12,8.660836968262405e-13,1.3863969980643904e-12,0.5918227357964497
197,1.8315706001248675e-13,2.0353346694845694e-13,1.5714131117731387e-13,0.627967379160691
198,6.242197219067304e-13,1.0715897499195893e-12,5.281427894004707e-13,0.6262665696092882
199,1.3708104673957377e-13,3.757751167441734e-13,5.988078543633477e-14,0.6185160230961628
200,1.645904469127853e-13,4.629032460339905e-13,1.2051671755025053e-13,0.6210597219294869
201,7.279292407728452e-14,8.103835541510086e-14,4.7207348073286206e-14,0.6310441731126047
202,4.091909174422658e-14,3.66169878448205e-14,3.000783001331219e-14,0.6375780093483627
203,6.052088756063546e-14,6.873033005313944e-14,3.505454253937241e-14,0.6441900303587318
204,1.229463998729087e-13,1.693522019090896e-13,1.0702919925942565e-13,0.6349531634710729
205,1.239026981663779e-13,1.3448374039729815e-13,4.257655690355462e-14,0.6288892734562979
206,6.755372604114661e-13,9.35727542765247e-13,6.47862317901407e-13,0.6287269007181748
207,2.4111782439940644e-13,2.263206433308503e-13,2.1164228574526788e-13,0.6451963677769527
208,1.5602712195214697e-11,1.3662342754776948e-11,1.3835749179989767e-11,0.5928514512634138
209,6.406376209324448e-14,1.4808091253745697e-13,5.9953078279356e-14,0.6367672913940623
210,1.8473033802929364e-13,3.0601801092886363e-13,1.0211213316371914e-13,0.6232823745813221
211,6.806480457488237e-14,8.755181103993744e-14,4.36046828091019e-14,0.6373681467957795
212,2.0209931303318576e-13,7.884751451765025e-13,2.1181616899705645e-13,0.6231708595645614
213,1.0656602137236214e-11,1.587633965543854e-11,7.63029462534106e-12,0.6285725210211239
214,4.699423351500158e-13,5.100924748461007e-13,4.1675674453222495e-13,0.6240019413642586
215,2.527502009519683e-13,2.003079927715717e-12,1.9166835170277816e-13,0.6622334421612323
216,6.300366551086637e-14,1.2696542661260678e-13,3.9870975046897616e-14,0.635834789276123
217,4.07944435083365e-14,3.653041978280087e-14,2.8538991241264704e-14,0.634666614793241
218,8.157238719465331e-13,1.2780182509522015e-12,7.680140364350056e-13,0.6355460536433384
219,2.167098456838915e-13,8.210011430565293e-13,1.207476298441096e-13,0.6287604620330967
220,7.33731802860902e-14,1.4365627869685377e-13,4.4564628781147715e-14,0.635740689584054
221,1.3710707316530112e-13,3.762400687962702e-13,8.343054101079013e-14,0.6248427961952985
222,2.9552580543378007e-14,7.663208782385728e-14,2.119219204203759e-14,0.6362957675009966
223,3.3293596036095833e-13,7.637737615184548e-13,1.2365610822760951e-13,0.6390291233314201
224,9.588472511215429e-14,1.2562318717890806e-13,4.909168308788594e-14,0.6273093063617126
225,2.830987750573232e-13,5.93141483610572e-13,2.2690758682418668e-13,0.6322356114862486
226,1.8350763519615865e-13,1.2842946957083134e-13,1.2169508287761446e-13,0.6373194913845509
227,2.8099167164097485e-14,4.574905201010032e-14,2.196121844058716e-14,0.6314965917612426
228,1.6805169307414287e-13,9.015469624579422e-13,1.6942415065527169e-13,0.6521827650489286
229,4.346406055371626e-13,3.827029779050372e-13,2.6329901170445625e-13,0.6249255044618621
230,6.205953202516004e-13,1.3424748983067007e-12,7.200899296685062e-13,0.6504605821799487
231,8.433917211850234e-14,8.637562064563675e-14,4.89977212062257e-14,0.6307230230420828
232,8.839671311069705e-13,1.2023749794382128e-12,7.653494634666844e-13,0.6145299339841586
233,7.253107579339993e-14,7.341035842319992e-14,5.359918477260288e-14,0.6356741431402042
234,2.2567132798221027e-13,2.8642863031751485e-13,1.3738355367938547e-13,0.6488571818452329
235,7.905512203830635e-13,1.0726063174175244e-12,7.865153959606784e-13,0.6127981814497616
236,3.1220157935541294e-14,2.0330953557981957e-14,1.503343504885606e-14,0.6308190583600662
237,5.401532246631955e-14,8.20235205455879e-14,3.174461353008469e-14,0.6299491758691147
238,2.9918763600791643e-13,4.909985005995108e-13,2.2679484498214755e-13,0.6353640576358884
239,5.240390258732509e-12,7.826087262900884e-12,2.27524780911157e-12,0.6429118630010635
240,4.3635678905983896e-13,7.031811397484946e-13,4.923711812918e-13,0.6227856016368605
241,3.13924808990404e-13,6.30916265293507e-13,2.698957410803335e-13,0.6199150390108116
242,9.772466025915804e-13,2.4549498022698523e-12,1.181349208912361e-12,0.5941244522313355
243,1.6438631239046192e-14,2.5368270175179526e-14,4.752215460405521e-15,0.6313899050815962
244,2.764468279801269e-14,9.485294115549288e-14,1.9721095254083848e-14,0.6328754018293694
245,8.92896669546155e-14,1.6048527834543665e-13,5.993892999840087e-14,0.636113950330764
246,1.7652404947589137e-13,6.926044525625168e-13,1.74103339753441e-13,0.6490963426884264
247,4.862321231405676e-13,1.0921896455495127e-12,4.775812016970662e-13,0.6072453767061233
248,3.617441056796411e-14,9.371084791231852e-14,2.2487374225134194e-14,0.6427400599233806
249,5.53313736230785e-13,2.5484885475299442e-11,2.733630720804893e-12,0.6656889322213828
250,2.882632647464341e-13,8.174109138074735e-13,5.011970329945365e-13,0.6055212987179402
251,6.198018153144848e-13,7.857366503708105e-13,6.45917511722779e-13,0.6134079217095859
252,1.0092880754322961e-13,1.0418021887563278e-13,7.804138618973542e-14,0.6359055142384022
253,6.135941257376554e-14,2.0146482360087182e-14,2.8347186459324642e-14,0.6298500143224374
254,2.284761160200429e-13,1.7605460802245926e-13,1.4465720668037907e-13,0.6310134715866298
255,2.1282325708548658e-13,3.402804889315408e-13,1.2207570267945226e-13,0.6202524883439764
256,2.160205404559119e-13,7.50272573664919e-13,1.8769204038615922e-13,0.6294582121889107
257,2.8865345518592556e-13,2.6403200080744544e-13,1.2027165335081685e-13,0.631568717956543
258,1.365583212126759e-13,1.1344900981910268e-13,1.2460281790025994e-13,0.6311158317723311
259,1.255477551050352e-13,1.1594208268019508e-13,1.1440242647052946e-13,0.6324752981658094
260,1.0184007505772117e-13,6.222173323864793e-13,7.62034183429427e-14,0.6522789533948525
261,9.268415465390434e-13,1.2378818416448052e-12,8.462322658769135e-13,0.6302348305121995
262,1.0203250288572782e-13,1.0463331773643291e-13,6.419420445312968e-14,0.6130336426780559
263,5.5229329710561294e-14,2.9700006990135535e-14,3.745333084574911e-14,0.6260530097759329
264,3.775370813089465e-14,3.329022536628513e-14,2.2045857712990516e-14,0.6427992701530456
265,7.660061510212398e-13,3.030196450120402e-13,5.124939250835201e-13,0.6174815552774817
266,6.366824955906478e-13,9.848460653081432e-13,5.856812743587797e-13,0.6299391536857002
267,1.0908165282049611e-13,3.319967449946118e-13,1.1861030913745292e-13,0.6191672003129497
268,3.8592804100653275e-13,9.457923944331839e-13,3.789863372402129e-13,0.6192968908231705
269,3.16961718762322e-13,5.452347318092409e-13,2.2379877084535998e-13,0.6379451384069398
270,4.468915893254249e-14,7.28995437360152e-14,3.551684220979699e-14,0.6441136764595286
271,3.904457135807022e-13,7.014159898668519e-13,3.5491361485986795e-13,0.6284638066892512
272,3.3771945646474807e-13,4.139836894862668e-13,2.8691039956168996e-13,0.6312627259409055
273,2.0713111782051373e-12,2.7341496904170163e-12,1.3787029514781765e-12,0.5685318151990941
274,8.232509158198213e-14,5.248928787469709e-13,8.043719301994845e-14,0.6330538368085399
275,7.409695853064223e-13,3.6347550118212456e-13,5.759362172749129e-13,0.6290262689464725
276,5.972443151794622e-14,9.10474035723625e-14,4.54359175769573e-14,0.634297965746373
277,2.935965853497595e-13,1.4702072829962256e-12,4.656633477176838e-13,0.6503535909578204
278,7.379078246817245e-13,6.783740572381859e-13,3.2816806066612594e-13,0.6216656762524508
279,4.989997049713367e-13,4.0806959949659544e-13,3.820166988063904e-13,0.6213012201595121
280,7.662305986461597e-13,7.027985968976463e-13,3.989718263707639e-13,0.6041916994261556
281,1.1200913000494627e-13,1.3473141415451726e-13,6.557810577723454e-14,0.6390530900564044
282,4.14599431510902e-14,6.085390413047737e-14,3.794161212037644e-14,0.6382468913681805
283,1.5512184749990135e-12,2.7324852447849513e-12,1.1395068772762355e-12,0.6224218416260555
284,1.7605600733089663e-13,2.705883136551745e-13,1.218564630248006e-13,0.618090922513511
285,1.5291009816633252e-13,2.912161623603964e-13,1.0483145469712028e-13,0.6169286706950515
286,3.9674876658325445e-13,2.863111989679733e-13,2.9498676574505503e-13,0.6308856587158516
287,2.6368569851859733e-14,2.2303865151604512e-14,1.683773437080204e-14,0.6436274990672246
288,2.0990676442840783e-13,8.229244080880474e-13,1.4107342583243244e-13,0.6235974953160621
289,0.0,3.3444344609505947e-13,6.923035089623033e-14,0.6182175622903742
