Scenario,Method,RMSE,MAE,NRMSE,SNR_dB,RMSE_reduction_vs_Raw_pct,SNR_gain_vs_Raw_dB
E2,Raw,1.7264128655056633e-11,1.4348840744930798e-12,0.0126049284654705,37.98919229310976,0.0,0.0
E2,Wavelet,1.8466865524141565e-11,1.3824583398822519e-12,0.0134830735908125,37.40422190175137,-6.966681569142804,-0.5849703913583895
E2,TEMDnet,1.8076559892032488e-11,2.3162810713422785e-12,0.013198102676081173,37.589769946388024,-4.70589192891525,-0.39942234672173527
E2,TEM1Dformer_reimplementation,3.737316735669426e-11,2.482777100523127e-12,0.0272869897155922,31.28088745590777,-116.47873520536886,-6.70830483720199
E2,FCED_H512,1.709295644112404e-11,1.800169213747544e-12,0.0124799517837621,38.07574185090281,0.9914906066368846,0.08654955779304885
E2,FCED_H512_SRCG,1.080758279620898e-11,1.088037011924191e-12,0.0078908591770117,42.0575141423504,37.39861992372573,4.06832184924064
E4,Raw,3.196087348376246e-11,3.3412828115240013e-12,0.0202119194710463,33.88784881519689,0.0,0.0
E4,Wavelet,3.5568623549730864e-11,3.716963988804119e-12,0.0224934451002758,32.95888045691177,-11.288020860259971,-0.9289683582851183
E4,TEMDnet,2.9010606632294275e-11,3.2272449943981895e-12,0.018346183306667426,34.72908543070073,9.23087052976525,0.8412366155038384
E4,TEM1Dformer_reimplementation,2.5499960542899738e-11,2.809422849271521e-12,0.0161260658057357,35.8494314460978,20.21506997968986,1.9615826309009137
E4,FCED_H512,3.420599123718585e-11,2.489075105601769e-12,0.0216317223202477,33.29817801214172,-7.0245819613284635,-0.5896708030551707
E4,FCED_H512_SRCG,1.8311221084596068e-11,1.8147728401917216e-12,0.0115799377687975,38.72587549047982,42.70738221876514,4.838026675282933
