Channel,N,UsefulCount,UsefulRate,HarmfulCount,HarmfulRate,TieCount,TieRate,AlphaMean_All,AlphaMean_Useful,AlphaMean_Harmful,AlphaStarMean_Useful,AlphaStarMean_Harmful,HarmfulSuppressionRate,HarmfulRescuedToRawRate,UsefulRetentionVsRawRate
1,6255,738,0.11798561151079137,5517,0.8820143884892087,0,0.0,0.010615780428952748,0.012933275318479917,0.010305772955965426,0.853059524438685,0.06973269816560329,1.0,0.4344752582925503,1.0
2,6255,1332,0.21294964028776978,4923,0.7870503597122303,0,0.0,0.0364482975397393,0.03925255351132145,0.035689559178141206,0.8584491705861154,0.08809917010731699,0.9997968718261223,0.4198659354052407,1.0
3,6255,1763,0.28185451638689046,4492,0.7181454836131095,0,0.0,0.07508969741771451,0.07825746012601201,0.07384642812681326,0.8553270925396449,0.10061886653243282,1.0,0.41362422083704364,1.0
4,6255,1882,0.3008792965627498,4373,0.6991207034372502,0,0.0,0.07716306113987137,0.08261674267856461,0.07481597020554237,0.9068238961785586,0.06697501117309344,1.0,0.27738394694717583,0.9994686503719448
5,6255,2237,0.3576338928856915,4018,0.6423661071143085,0,0.0,0.13082879414256338,0.13545440256622257,0.12825351140395572,0.9271133793303779,0.06404439352352885,1.0,0.2349427575908412,1.0
6,6255,2176,0.3478816946442846,4079,0.6521183053557155,0,0.0,0.20768652048042352,0.21162024285534725,0.2055880208756591,0.8947970278776909,0.0844133939407419,1.0,0.27874479038980143,1.0
7,6255,2500,0.3996802557953637,3755,0.6003197442046363,0,0.0,0.28569543702091627,0.28904735823869704,0.2834637983938984,0.9094962078076755,0.08266247904025552,1.0,0.23728362183754995,1.0
8,6255,2927,0.46794564348521184,3328,0.5320543565147882,0,0.0,0.3804590946431164,0.3826060994802826,0.3785707884056207,0.917577560015874,0.07721228059875525,1.0,0.19140625,1.0
9,6255,3117,0.4983213429256595,3138,0.5016786570743406,0,0.0,0.46067860777810704,0.4618348825865156,0.4595300709464278,0.9336499880428251,0.06852292710076333,1.0,0.15009560229445507,1.0
10,6255,3393,0.5424460431654676,2862,0.45755395683453237,0,0.0,0.5186802512783704,0.5202643282287703,0.5168022732585564,0.942277959377831,0.06702210918203066,1.0,0.13172606568832984,1.0
11,6255,3270,0.5227817745803357,2985,0.47721822541966424,0,0.0,0.519738052031405,0.5214790470191827,0.5178308313915279,0.9490547097018797,0.05429766761019178,1.0,0.10452261306532663,1.0
12,6255,3201,0.5117505995203837,3054,0.4882494004796163,0,0.0,0.5229743740255598,0.5274722946598842,0.5182599522997994,0.9479513789450379,0.050509900537636,1.0,0.09790438768827767,1.0
13,6255,3269,0.5226219024780175,2986,0.4773780975219824,0,0.0,0.5408259537294329,0.5485117488970046,0.5324117325630591,0.9221567066592251,0.08749151313692051,1.0,0.1681178834561286,1.0
14,6255,3172,0.5071143085531574,3083,0.4928856914468425,0,0.0,0.549094068758684,0.5608025235493878,0.5370476144621831,0.9465169037722235,0.053145208778684276,1.0,0.09828089523191696,1.0
15,6255,3337,0.5334932054356515,2918,0.4665067945643485,0,0.0,0.5757258540196575,0.5868787690662216,0.5629714751607183,0.9162530171328296,0.09728261974115873,1.0,0.17957505140507196,1.0
16,6255,3538,0.5656274980015987,2717,0.4343725019984013,0,0.0,0.6348078602128369,0.6435081905197328,0.6234785379361352,0.903147106735025,0.12232033355609773,1.0,0.20758189179241812,1.0
17,6255,3441,0.5501199040767386,2814,0.4498800959232614,0,0.0,0.6416445123587105,0.6509402058076734,0.6302776036316736,0.9246634600906131,0.08149701707038864,1.0,0.12082444918265814,1.0
18,6255,3567,0.5702637889688249,2688,0.42973621103117504,0,0.0,0.6947628918454516,0.7073496823254707,0.6780601084964084,0.9329064496528244,0.07946457033834718,1.0,0.10044642857142858,1.0
19,6255,3722,0.5950439648281375,2533,0.4049560351718625,0,0.0,0.7478991396087918,0.75717711933898,0.734266040297398,0.933582620333274,0.08403034346602029,1.0,0.08685353335965258,1.0
20,6255,3827,0.6118305355715428,2428,0.38816946442845723,0,0.0,0.778063053173794,0.7846199530579572,0.7677281043036569,0.9328194923491373,0.0872647456954895,1.0,0.08896210873146623,1.0
21,6255,4023,0.6431654676258993,2232,0.35683453237410073,0,0.0,0.831161273373879,0.8346784342410936,0.8248218745527301,0.9292809029431273,0.092937636213618,1.0,0.07437275985663082,1.0
22,6255,4173,0.6671462829736211,2082,0.3328537170263789,0,0.0,0.8658475780563294,0.8682627653921362,0.8610067630936388,0.9264575128195203,0.09738827849283989,1.0,0.05859750240153699,1.0
23,6255,4237,0.6773780975219824,2018,0.3226219024780176,0,0.0,0.9005724261609389,0.9012712783933896,0.8991051135202583,0.9270424068711095,0.09578128805915015,1.0,0.04311199207135778,1.0
24,6255,4422,0.7069544364508393,1833,0.29304556354916067,0,0.0,0.926677643528564,0.9268352588826528,0.9262974061604348,0.9270293661994684,0.10821095547715852,0.9994544462629569,0.03546099290780142,1.0
25,6255,4480,0.7162270183852918,1775,0.2837729816147082,0,0.0,0.9525983509304616,0.9527135107001024,0.9523076941597629,0.922139078436099,0.10783763111629213,1.0,0.027042253521126762,1.0
26,6255,4645,0.7426059152677857,1610,0.2573940847322142,0,0.0,0.9668575402167585,0.9668928768586035,0.966755590712802,0.9253887567251847,0.11602710616108708,1.0,0.014906832298136646,1.0
27,6255,4771,0.7627498001598721,1484,0.2372501998401279,0,0.0,0.9742791417024309,0.9743211613314078,0.9741440502941769,0.9252940090511556,0.12149221196688087,1.0,0.013477088948787063,1.0
28,6255,4914,0.7856115107913669,1341,0.2143884892086331,0,0.0,0.9798322486744033,0.9798460856753246,0.9797815439596184,0.9242885456735528,0.12464687536398032,1.0,0.014914243102162566,1.0
29,6255,4988,0.7974420463629097,1267,0.20255795363709034,0,0.0,0.9846981061448297,0.9847503374745201,0.9844924787790077,0.9246328340647026,0.12775186047947165,0.9992107340173638,0.010260457774269928,1.0
30,6255,5057,0.8084732214228617,1198,0.1915267785771383,0,0.0,0.9890731073588395,0.9890998312906948,0.9889603002441546,0.9247236253584978,0.13402766764278526,1.0,0.007512520868113523,1.0
31,6255,5151,0.8235011990407674,1104,0.17649880095923262,0,0.0,0.9926502250653091,0.9926679062972923,0.992567728664996,0.9270125172280433,0.13472481197234615,1.0,0.01177536231884058,1.0
32,6255,5221,0.8346922462030376,1034,0.16530775379696244,0,0.0,0.9911288882521607,0.9911430522619685,0.9910573695914197,0.9243274087010709,0.12860501408338498,1.0,0.006769825918762089,1.0
33,6255,5230,0.8361310951239008,1025,0.16386890487609912,0,0.0,0.987471606967737,0.9875380109988481,0.9871327844480189,0.925869265421009,0.13188847371349416,1.0,0.014634146341463415,1.0
34,6255,5318,0.8501998401278977,937,0.14980015987210232,0,0.0,0.9947014094256669,0.9947103890273391,0.9946504451549167,0.9309258207076371,0.12966827656758742,1.0,0.004268943436499467,1.0
35,6255,5376,0.8594724220623501,879,0.1405275779376499,0,0.0,0.9925396525507255,0.992574998687598,0.9923234741299903,0.9284662110915682,0.138401541665777,1.0,0.006825938566552901,1.0
36,6255,5332,0.8524380495603517,923,0.1475619504396483,0,0.0,0.9888836717243484,0.9889663010388501,0.9884063374828285,0.9320213460205803,0.1318630069197184,1.0,0.005417118093174431,1.0
37,6255,5356,0.8562749800159872,899,0.1437250199840128,0,0.0,0.9931326087430227,0.9931731025081147,0.9928913577910392,0.9283903842705579,0.13898063000568933,1.0,0.00778642936596218,1.0
38,6255,5297,0.8468425259792166,958,0.15315747402078336,0,0.0,0.9859305316976887,0.98616293709031,0.9846455093963161,0.9262301787900421,0.13827968392361492,1.0,0.012526096033402923,1.0
39,6255,5383,0.8605915267785771,872,0.13940847322142286,0,0.0,0.9975827932929535,0.9976029028441634,0.9974586537124914,0.9323194906060106,0.1381165061890716,1.0,0.0011467889908256881,1.0
40,6255,5748,0.9189448441247002,507,0.08105515587529977,0,0.0,0.9988461200091288,0.9988602837113432,0.998685542178107,0.9439240624661109,0.14239013005677795,1.0,0.0019723865877712033,1.0
