Channel,Raw_RMSE,Raw_MAE,Raw_NRMSE,Raw_SNR_dB,Raw_MRE,TEM1Dformer_RMSE,TEM1Dformer_MAE,TEM1Dformer_NRMSE,TEM1Dformer_SNR_dB,TEM1Dformer_MRE
1,1.6522864729966428e-11,1.6046170303673173e-12,0.0035109601696775923,49.09148194778983,0.003155265132101769,4.152452912784386e-11,3.2296204502046824e-12,0.008823589021343578,41.08709456693141,0.0032249576649321576
2,2.269830361934203e-11,2.0428921134037804e-12,0.005747363236791833,44.81062708656144,0.0037843756280945945,2.4663587338001823e-11,2.201866310260268e-12,0.006244986300784412,44.089370199440665,0.0037856354356178667
3,1.7384151773548875e-11,1.7022869231338527e-12,0.005254827865052864,45.58883011595779,0.004375064317423219,5.097235021253334e-11,3.9882631983301845e-12,0.01540776505711404,36.24520704880522,0.004480823776474913
4,1.3737891077510988e-11,1.493685140611919e-12,0.004962717701669676,46.085608568566286,0.005171496446151027,5.5109094053181075e-11,4.189595944836036e-12,0.01990777733187934,34.01954450953167,0.005339636819502473
5,1.6208740837858006e-11,1.6928506201717473e-12,0.006999068899211167,43.09919462494548,0.006079969521263467,5.41338177176533e-11,4.173961006840623e-12,0.02337543204455749,32.6248070676473,0.006246776835328814
6,9.87818231722376e-12,1.2659949726737494e-12,0.005094993522075521,45.857127276639396,0.006926357131545701,4.893157604044492e-11,3.843668382297442e-12,0.025238050376567612,31.958883942125077,0.007109981485569742
7,1.6522826958775844e-11,1.60461603995426e-12,0.010161434042555194,39.860899949663924,0.007737641764801141,5.507650674348786e-11,4.039949789210589e-12,0.03387170318763433,29.40325929923379,0.007902759946958458
8,2.2698244096507e-11,2.0428899825150816e-12,0.016596482382403698,35.599679014856555,0.009226489660538004,6.010709507151519e-11,4.322759872711129e-12,0.043949053511385054,27.14100946946465,0.009406009240273155
9,1.7384142871355766e-11,1.702282053602988e-12,0.015052644003482742,36.44774418709155,0.010852481608733392,5.845147054651374e-11,4.182027845675939e-12,0.05061216903977907,25.914901002561045,0.011072397550782011
10,1.3737934692675223e-11,1.4936849928002733e-12,0.014018399742588979,37.0660312004675,0.012740718813960349,5.511742108867169e-11,3.982820939378591e-12,0.05624266375451388,24.99868237054319,0.013037565241200423
11,2.2698248987779027e-11,2.0428932666347417e-12,0.025895312974103007,31.326106252268495,0.014700150339071094,6.03897730654316e-11,4.2807555429578305e-12,0.06889571414986152,22.82668541381011,0.014939704637598075
12,1.738409224943854e-11,1.7022792305506184e-12,0.019832653603027425,32.314075795623665,0.01740906557150977,5.6114502858301217e-11,4.002963641870253e-12,0.06401826919267091,22.135613760531992,0.01769210868919021
13,1.3737885172217729e-11,1.4936817116818648e-12,0.015672875750389594,33.077052041568294,0.020405143848944655,5.3530069892709127e-11,3.8668761983687425e-12,0.06106981706578529,21.26349347328247,0.020820507987389426
14,1.738414289624573e-11,1.7022825424318567e-12,0.019832711383472253,29.791056504066262,0.02404758470264343,5.49701305436662e-11,3.935087925686314e-12,0.0627127112501914,19.791586801233297,0.02439732872784002
15,1.3737909567136875e-11,1.4936829208111388e-12,0.015672903581349887,30.624240872853022,0.028174272136398375,4.9045385399953316e-11,3.602094791507057e-12,0.0559534616767619,19.5706909054155,0.02868105803664064
16,1.6208735247138763e-11,1.692846074025752e-12,0.018491746758308107,27.993131618055433,0.03318536443608689,4.9352231529057254e-11,3.677327653572812e-12,0.05630352729426026,18.321978295957937,0.03371202365890996
17,9.878177715144815e-12,1.2659928001426833e-12,0.01126952584250923,31.102973137758973,0.0391181091048809,4.4827802993141684e-11,3.403251450496579e-12,0.05114182988625415,17.96556074771977,0.03968232924781202
18,5.29974001407899e-12,8.251043726965453e-13,0.006046212041283146,35.30896406495612,0.04506535091649692,3.913454018847228e-11,3.003279369136555e-12,0.04464666709858225,17.94285066054581,0.04567455521954049
19,5.037549451870454e-12,7.95524170923031e-13,0.005747091758000431,34.52374025612159,0.05124762147232291,3.646124089990538e-11,2.7452699628811344e-12,0.04159683176599079,17.331497804135875,0.052002503505889024
20,5.745651518172265e-12,8.87122901990653e-13,0.006554930487515073,32.12104860414636,0.059229212610243116,2.8422139928097298e-11,2.303618522357449e-12,0.032425417891402075,18.234698777068562,0.05994933099325206
21,3.732050472404374e-12,6.83018558431651e-13,0.0042577123490932555,34.56529090194988,0.06849635007740865,3.184220289620364e-11,2.4153699623440866e-12,0.03632719908156951,15.94417896626815,0.06913548617087142
22,1.0631762072898373e-11,1.222426291021433e-12,0.012129253075518416,24.118226287382605,0.0801241599144917,2.644395325874348e-11,2.1739968817790517e-12,0.03016860226867734,16.203803650660266,0.08043996208831052
23,6.59168374415111e-12,9.608705642029733e-13,0.00752012693459321,26.86088510125124,0.09965128726602115,3.38178484472234e-11,2.5960493943481726e-12,0.03858111566769455,12.65789288257492,0.1003933145771184
24,8.178592997084996e-12,1.0587615811749509e-12,0.0093305534475964,23.518278224907586,0.12114842534424108,2.8608990562749327e-11,2.2818153740440618e-12,0.032638586566498075,12.641799461940813,0.12171463006206615
25,3.4626080416923036e-12,7.375815897755396e-13,0.0039503187666389975,29.452729402183593,0.1459667530042514,1.487181924565314e-11,1.5863799638691163e-12,0.01696652521821503,16.79351410219456,0.14699571970884234
26,1.9342867042450197e-11,1.6857327454041355e-12,0.02206732317327183,12.91553871929886,0.18117941065008153,1.9781422536353445e-12,5.564658274427052e-13,0.002256764951021753,32.720805257564784,0.18152842490922105
27,1.8427725667950248e-11,1.6593908254551357e-12,0.021023283506556297,11.676969006493177,0.19168166137625167,7.644464819018696e-12,9.890774984788512e-13,0.008721192948169275,19.319462046728816,0.1925411747539135
28,5.8498699461797095e-12,9.167989307527779e-13,0.006673828152809644,19.91892704625602,0.21626221374379528,7.088437043482972e-12,9.77613319357336e-13,0.008086848277902233,18.250841536231135,0.21751260021903168
29,4.538633126483257e-12,7.933487496867832e-13,0.005177902724928014,20.334061302369935,0.24924814591958838,5.750337064331583e-12,8.766098999615178e-13,0.0065602759960745865,18.27869683019283,0.25009072705295277
30,9.134235305900897e-12,1.2177297366940766e-12,0.010420798633090929,12.405859127639554,0.32885079687539864,4.980582408952609e-12,7.648496648409325e-13,0.0056821008678942814,17.67370042504333,0.32433633630581754
31,3.732382317079979e-12,7.014957249321328e-13,0.004258090934319729,18.263590517125596,0.39729499345230707,4.984262353570146e-12,7.21581403830457e-13,0.005686299135243,15.751295102259082,0.3938348159218653
32,1.0643673816711793e-11,1.1980999186127006e-12,0.012142842596643236,7.184473887958722,0.45100887423270486,3.4499529392386165e-12,5.907628080583147e-13,0.0039358811842979975,16.97004160591569,0.45250170808708234
33,9.652964703088642e-12,1.0618718523118546e-12,0.011012591422758393,5.997274075680995,0.5446967611287816,5.65724566853129e-12,8.292105524716874e-13,0.0064540726131289425,10.638387667018328,0.5485590073672554
34,1.3891377747705747e-11,1.4432442383008601e-12,0.015847987860737992,0.7437055908512673,0.6376080665886856,7.866782701052248e-12,9.53185732359414e-13,0.008974824456841956,5.6826689333010725,0.62509873107281
35,2.7043854667896817e-11,2.1530569693168366e-12,0.030853000204042098,-7.187321911694889,0.8003888165500084,7.247617366958277e-12,9.378828248816484e-13,0.008268449259455099,4.250144816416988,0.7861990950396398
36,2.118183799646238e-11,1.7092845863902491e-12,0.024165314451368648,-7.258347967071298,0.9392040530178405,1.3199211174477214e-11,1.1814473933230965e-12,0.015058329149459619,-3.150034668561913,0.9188502732800813
37,3.136238423821385e-11,2.230085584771725e-12,0.03577979763548663,-12.903888051644962,1.0553157618138063,4.3707162171902575e-12,7.210148253443612e-13,0.004986334603434263,4.213241185579537,1.073048008600758
38,2.8828794035823698e-12,5.506917722336419e-13,0.003288934950997976,5.55390177631633,1.2394366379835517,1.5852696623131018e-11,1.3558994812926222e-12,0.018085559849154297,-9.25163168597902,1.2329546908022424
39,3.3556525049283946e-12,5.83892808963872e-13,0.0038282984689364825,1.9316503296826872,1.3846161586597132,7.888538442113582e-12,8.411635112505762e-13,0.008999644508999729,-5.492740974369534,1.4012257936524992
40,5.797997253871171e-11,4.280770090166013e-12,0.06614649156101036,-25.141138397705696,2.9794787852071445,3.895509623548742e-11,2.985648903066852e-12,0.04444194834136203,-21.686863922788362,2.895474109012586
