SampleIndex_1based,Raw_RMSE,TEM1Dformer_RMSE,Raw_minus_TEM1Dformer_RMSE,TEM1Dformer_Harmful_vs_Raw,TEM1Dformer_Improved_vs_Raw
1,8.983656033568133e-14,8.845259667870849e-14,1.3839636569728432e-15,0,1
2,8.37170776910237e-14,8.242460948068324e-14,1.2924682103404556e-15,0,1
3,2.2172400327625586e-13,2.2461487386024945e-13,-2.890870583993585e-15,1,0
4,2.158904471919914e-14,2.6352489207213444e-14,-4.7634444880143045e-15,1,0
5,3.102449983554837e-11,3.698760268110219e-11,-5.963102845553818e-12,1,0
6,1.9293091138818915e-12,1.9260113434389154e-12,3.2977704429761007e-15,0,1
7,3.644216129635066e-13,3.6241306043627476e-13,2.008552527231833e-15,0,1
8,7.071838054568693e-13,7.041993513241651e-13,2.9844541327041977e-15,0,1
9,3.452292588012979e-14,3.261953656133057e-14,1.90338931879922e-15,0,1
10,1.7567397656736852e-13,1.7311463987999518e-13,2.559336687373341e-15,0,1
11,2.655154912076043e-13,2.6247837820001926e-13,3.0371130075850187e-15,0,1
12,2.190882199280945e-13,2.1588566569922833e-13,3.2025542288661773e-15,0,1
13,1.4256235583922736e-12,1.4296347799584306e-12,-4.011221566156991e-15,1,0
14,8.394540981113341e-14,8.276245957686033e-14,1.1829502342730844e-15,0,1
15,3.8887869378989445e-14,4.0941309473323136e-14,-2.0534400943336915e-15,1,0
16,5.781033392131276e-14,5.404025003880034e-14,3.770083882512424e-15,0,1
17,7.69806261879661e-14,8.150044331397947e-14,-4.519817126013377e-15,1,0
18,1.0763835816256911e-13,1.0564771100567588e-13,1.990647156893229e-15,0,1
19,1.6066613482457128e-13,1.6220212418724925e-13,-1.5359893626779761e-15,1,0
20,1.8359458896893036e-12,1.832994968269308e-12,2.950921419995662e-15,0,1
21,8.727453764009603e-13,8.695459652178607e-13,3.1994111830995767e-15,0,1
22,1.0586670206996855e-13,1.0939064098323584e-13,-3.523938913267291e-15,1,0
23,8.355390909565458e-14,8.630273176269216e-14,-2.748822667037581e-15,1,0
24,2.015012790476426e-13,2.0367110915731563e-13,-2.1698301096730195e-15,1,0
25,2.7028527316336627e-13,2.7210588277111965e-13,-1.820609607753382e-15,1,0
26,3.3315743419178646e-13,3.364867168437588e-13,-3.329282651972321e-15,1,0
27,1.1823818715083022e-13,1.1747601613049678e-13,7.621710203334343e-16,0,1
28,1.689473130772964e-13,1.6786347739894107e-13,1.0838356783553298e-15,0,1
29,4.835593818535135e-13,4.869422581158286e-13,-3.3828762623150513e-15,1,0
30,1.3674122243826832e-13,1.3848429574080877e-13,-1.7430733025404472e-15,1,0
31,2.2755341759813633e-13,2.306789921806467e-13,-3.125574582510351e-15,1,0
32,4.1941237275784903e-13,4.1566379471245124e-13,3.748578045397797e-15,0,1
33,1.3415215572281127e-13,1.3791220778277292e-13,-3.76005205996165e-15,1,0
34,2.3212482960254484e-13,2.3150459854770687e-13,6.202310548379664e-16,0,1
35,8.298307796429436e-13,8.266869365286828e-13,3.1438431142608307e-15,0,1
36,1.8096062046767924e-13,1.8078523946675682e-13,1.7538100092242208e-16,0,1
37,3.5144083940068097e-14,3.273475250199511e-14,2.4093314380729893e-15,0,1
38,4.001252947551455e-13,4.0427808559444954e-13,-4.1527908393040314e-15,1,0
39,1.2303704128351358e-13,1.2758138678784731e-13,-4.544345504333739e-15,1,0
40,1.3519285071328703e-13,1.388149597772001e-13,-3.622109063913063e-15,1,0
41,9.201515861494112e-14,9.510357842988665e-14,-3.0884198149455345e-15,1,0
42,2.479132036885982e-13,2.4369756989127304e-13,4.215633797325172e-15,0,1
43,1.0199027948050857e-13,1.0575472290273925e-13,-3.7644434222306835e-15,1,0
44,4.1971566022798275e-14,3.912577311071432e-14,2.845792912083953e-15,0,1
45,4.719840058408566e-14,4.4576757215363156e-14,2.6216433687225044e-15,0,1
46,9.545783144571142e-13,9.503062457922345e-13,4.2720686648796856e-15,0,1
47,2.820829370476287e-13,2.8691759390405293e-13,-4.834656856424214e-15,1,0
48,2.4797737476184637e-13,2.5248874362146697e-13,-4.5113688596205965e-15,1,0
49,7.024648215458052e-14,6.837735704087849e-14,1.869125113702027e-15,0,1
50,6.728901604437268e-14,6.80607295877217e-14,-7.717135433490208e-16,1,0
51,4.1069559471492387e-14,4.4159722451307454e-14,-3.0901629798150673e-15,1,0
52,1.750973242941233e-13,1.7960749226058547e-13,-4.510167966462171e-15,1,0
53,9.772336734475936e-14,9.906129252085248e-14,-1.337925176093127e-15,1,0
54,1.9080113997363465e-13,1.918774288106035e-13,-1.0762888369688424e-15,1,0
55,2.007499206447126e-13,2.0539822242587893e-13,-4.648301781166325e-15,1,0
56,5.235607678828311e-13,5.204949261990495e-13,3.065841683781519e-15,0,1
57,1.373384084735929e-12,1.369102151439762e-12,4.281933296167118e-15,0,1
58,3.4045426691421275e-13,3.402028342909569e-13,2.514326232558717e-16,0,1
59,1.4681161474249833e-13,1.4991154461379832e-13,-3.0999298712999882e-15,1,0
60,2.8574697471141534e-10,6.315786284459272e-10,-3.4583165373451185e-10,1,0
61,5.241085582092427e-13,5.19614898703793e-13,4.4936595054496805e-15,0,1
62,1.6967662151569961e-13,1.7189490725952968e-13,-2.2182857438300632e-15,1,0
63,2.1483299572207925e-13,2.1078905309234122e-13,4.043942629738028e-15,0,1
64,3.009122133662979e-13,2.991787859834976e-13,1.7334273828003244e-15,0,1
65,3.646437761267444e-14,3.576731088388968e-14,6.970667287847652e-16,0,1
66,1.0937983606893394e-13,1.1079588789688178e-13,-1.4160518279478457e-15,1,0
67,4.379448363129337e-14,4.274003003163671e-14,1.0544535996566615e-15,0,1
68,4.7281123676751964e-14,5.0269531291244334e-14,-2.98840761449237e-15,1,0
69,3.112605120920957e-14,3.2689713099991526e-14,-1.563661890781954e-15,1,0
70,4.389740275801325e-12,4.389210547548762e-12,5.297282525626639e-16,0,1
71,1.0737784331750788e-13,1.0325335324026119e-13,4.124490077246685e-15,0,1
72,2.985259110863548e-13,3.0273956268242284e-13,-4.21365159606804e-15,1,0
73,1.0675601930042154e-13,1.063312278518336e-13,4.2479144858793906e-16,0,1
74,1.6994812940958668e-13,1.6556912706355503e-13,4.3790023460316454e-15,0,1
75,6.729379300272184e-14,6.846461293584163e-14,-1.1708199331197922e-15,1,0
76,2.937685139670257e-13,2.9384991364317204e-13,-8.139967614635626e-17,1,0
77,1.7989183815818114e-13,1.8286539907478306e-13,-2.9735609166019233e-15,1,0
78,2.5651881368457653e-13,2.5213043403089423e-13,4.388379653682296e-15,0,1
79,5.952083626606785e-14,6.13824991485465e-14,-1.8616628824786466e-15,1,0
80,3.295959749216201e-13,3.270993997822013e-13,2.49657513941884e-15,0,1
81,1.545716283188e-13,1.5043107722370896e-13,4.140551095091039e-15,0,1
82,2.446492673618221e-13,2.460642700513059e-13,-1.4150026894838048e-15,1,0
83,1.1163590105363534e-13,1.072452932634739e-13,4.390607790161433e-15,0,1
84,1.2311329277421198e-13,1.2039549922238207e-13,2.7177935518299124e-15,0,1
85,7.555464166976541e-14,8.014849884334515e-14,-4.593857173579744e-15,1,0
86,3.6631338397975223e-13,3.6870223110606493e-13,-2.3888471263127007e-15,1,0
87,3.8111869507289126e-13,3.8468749446058345e-13,-3.5687993876921914e-15,1,0
88,9.288730985024636e-14,9.698201922476917e-14,-4.094709374522812e-15,1,0
89,8.307505498775794e-14,8.77091141854366e-14,-4.6340591976786564e-15,1,0
90,1.9032969703963876e-13,1.857855219380439e-13,4.54417510159487e-15,0,1
91,1.7200987218313815e-12,1.7204523311855402e-12,-3.5360935415878157e-16,1,0
92,2.376087657716715e-13,2.409573376624629e-13,-3.348571890791369e-15,1,0
93,4.488465490492235e-13,4.4427825789798213e-13,4.568291151241383e-15,0,1
94,1.0732765025688098e-13,1.0336671854925842e-13,3.960931707622563e-15,0,1
95,2.1039605341045195e-12,2.1052303058024285e-12,-1.2697716979090554e-15,1,0
96,1.1688343997370532e-13,1.153827092720949e-13,1.5007307016104163e-15,0,1
97,5.4252391111107266e-11,5.195268446796186e-11,2.2997066431454045e-12,0,1
98,8.250097492960633e-14,8.717319450565423e-14,-4.672219576047897e-15,1,0
99,1.7383078177687583e-13,1.7806435412873653e-13,-4.233572351860702e-15,1,0
100,4.867408293991266e-13,4.896177640498576e-13,-2.876934650730975e-15,1,0
101,6.755563445750285e-13,6.780221194527341e-13,-2.4657748777056814e-15,1,0
102,2.5559946964887524e-14,2.7775160808975605e-14,-2.2152138440880816e-15,1,0
103,5.185602713232269e-14,5.516354991520102e-14,-3.307522782878328e-15,1,0
104,1.2698158123191846e-13,1.3069232918342682e-13,-3.710747951508362e-15,1,0
105,1.2998718268693533e-12,1.2962966852523121e-12,3.575141617041175e-15,0,1
106,9.067405881914841e-14,8.920812447044967e-14,1.4659343486987398e-15,0,1
107,5.086836070129768e-13,5.098982476131848e-13,-1.2146406002079116e-15,1,0
108,2.944345769551697e-14,2.8276159246208945e-14,1.1672984493080256e-15,0,1
109,3.674843319686549e-13,3.6578161364184034e-13,1.7027183268145573e-15,0,1
110,3.875804010443314e-14,3.604159568733167e-14,2.7164444171014722e-15,0,1
111,2.389882429004057e-13,2.4239518872576273e-13,-3.4069458253570146e-15,1,0
112,1.1471983250312392e-13,1.145574773815459e-13,1.6235512157801352e-16,0,1
113,2.1329127953073443e-13,2.149662317875917e-13,-1.674952256857275e-15,1,0
114,8.108755215638088e-13,8.14769894086472e-13,-3.8943725226632305e-15,1,0
115,8.950955871278568e-12,1.4137568152436137e-11,-5.186612281157568e-12,1,0
116,6.062958527483033e-13,6.074947827947726e-13,-1.1989300464692975e-15,1,0
117,3.0403527560655475e-13,3.0075279518036325e-13,3.282480426191502e-15,0,1
118,1.9372169434238347e-13,1.8932652249082801e-13,4.395171851555459e-15,0,1
119,4.433403349469731e-13,4.397081590637231e-13,3.632175883249967e-15,0,1
120,2.610797352618598e-13,2.5773132335640067e-13,3.3484119054591115e-15,0,1
121,2.2158381891995967e-13,2.2025336822489369e-13,1.3304506950659875e-15,0,1
122,1.4612293140838003e-13,1.4230190024125103e-13,3.821031167129006e-15,0,1
123,1.3182773254137143e-12,1.3141297511613243e-12,4.147574252390034e-15,0,1
124,2.1917815455611498e-13,2.239633602848528e-13,-4.785205728737811e-15,1,0
125,5.850049227074263e-13,5.799953948108196e-13,5.009527896606695e-15,0,1
126,2.0163361865686227e-13,1.9873442922007402e-13,2.8991894367882504e-15,0,1
127,2.5545481847601238e-12,2.5569664847002284e-12,-2.4182999401046636e-15,1,0
128,3.6502097982738294e-13,3.6724187765428413e-13,-2.22089782690119e-15,1,0
129,3.243575508547704e-12,3.2399330408855453e-12,3.6424676621587256e-15,0,1
130,1.8835064837932412e-12,1.8883707701080983e-12,-4.864286314857071e-15,1,0
131,1.4770565446047136e-13,1.4624164641950783e-13,1.464008040963526e-15,0,1
132,9.055807980557141e-14,9.034068428068451e-14,2.173955248868986e-16,0,1
133,2.4471657386285373e-13,2.4715813360612806e-13,-2.4415597432743283e-15,1,0
134,1.77037337026106e-13,1.7334097664355956e-13,3.6963603825464445e-15,0,1
135,6.9138091711282e-14,6.675445957835367e-14,2.3836321329283267e-15,0,1
136,1.1671634504550465e-13,1.2124233544585377e-13,-4.525990400349115e-15,1,0
137,1.5779216614259336e-13,1.5522140417729766e-13,2.570761965295709e-15,0,1
138,1.3490307630354362e-13,1.3641293649348692e-13,-1.5098601899433026e-15,1,0
139,8.724647496463495e-13,8.761879899091314e-13,-3.723240262781892e-15,1,0
140,1.0952588007451945e-13,1.0519119000139239e-13,4.334690073127059e-15,0,1
141,1.5038112245648058e-13,1.4727636910506307e-13,3.1047533514175184e-15,0,1
142,1.3515651860869432e-13,1.3908947466509734e-13,-3.932956056403012e-15,1,0
143,5.450383406501265e-14,5.2651499817007636e-14,1.8523342480050156e-15,0,1
144,2.3418953526353503e-13,2.311657487865876e-13,3.0237864769474073e-15,0,1
145,1.228454632565731e-13,1.1997033110021072e-13,2.875132156362381e-15,0,1
146,2.929726672983609e-13,2.8825440527660676e-13,4.71826202175416e-15,0,1
147,2.576344189433355e-13,2.577683425794847e-13,-1.3392363614917446e-16,1,0
148,6.40797346337273e-14,6.613880535710002e-14,-2.059070723372724e-15,1,0
149,3.780164351489521e-13,3.7762454778562474e-13,3.9188736332737726e-16,0,1
150,6.615199281522411e-14,7.046728069612752e-14,-4.315287880903401e-15,1,0
151,6.981509106175138e-14,7.364990917648041e-14,-3.834818114729025e-15,1,0
152,4.093420078713168e-13,4.122719100923576e-13,-2.9299022210407932e-15,1,0
153,1.105133318151221e-13,1.0795011281494132e-13,2.56321900018078e-15,0,1
154,5.4650145334353783e-14,5.616304629377571e-14,-1.5129009594219287e-15,1,0
155,2.7876359349615715e-13,2.7971167431235566e-13,-9.48080816198511e-16,1,0
156,3.205463020040915e-12,3.209052525368139e-12,-3.5895053272241936e-15,1,0
157,1.961697284578207e-13,1.9466301836039473e-13,1.5067100974259725e-15,0,1
158,1.4297876292987518e-12,1.4315024365486398e-12,-1.7148072498880358e-15,1,0
159,6.134906269712802e-14,5.856356509904819e-14,2.7854975980798333e-15,0,1
160,2.356053121971463e-13,2.325942281391692e-13,3.0110840579770972e-15,0,1
161,7.675741343976123e-13,7.632944052220654e-13,4.2797291755468455e-15,0,1
162,3.747401682246633e-13,3.7788916585766377e-13,-3.148997633000483e-15,1,0
163,6.123552874722807e-14,6.462966230110483e-14,-3.394133553876766e-15,1,0
164,4.945436594060624e-13,4.983012662856248e-13,-3.757606879562406e-15,1,0
165,1.3582902618644817e-13,1.3267672852153455e-13,3.1522976649136166e-15,0,1
166,2.4337931297787754e-14,2.5578590397769033e-14,-1.2406590999812796e-15,1,0
167,2.468055241707291e-13,2.4533526676579817e-13,1.4702574049309266e-15,0,1
168,6.799982136186373e-14,7.242403736712733e-14,-4.424216005263602e-15,1,0
169,8.538160657117587e-14,8.438824463119128e-14,9.9336193998459e-16,0,1
170,1.0786267911617004e-13,1.0606675384113976e-13,1.7959252750302813e-15,0,1
171,5.85026490470737e-14,5.660979498933841e-14,1.892854057735293e-15,0,1
172,3.5244157358255424e-14,3.7689431858132577e-14,-2.4452744998771526e-15,1,0
173,1.2724669264939134e-13,1.2240546864797342e-13,4.841224001417919e-15,0,1
174,3.830811002176498e-14,3.657009940602096e-14,1.7380106157440156e-15,0,1
175,7.099536033933803e-14,6.604262841738078e-14,4.95273192195724e-15,0,1
176,1.928438624471527e-12,1.927265774034007e-12,1.1728504375200935e-15,0,1
177,1.5853567689109142e-13,1.596372356251015e-13,-1.1015587340100813e-15,1,0
178,4.5705803719161037e-14,4.904483659095912e-14,-3.3390328717980858e-15,1,0
179,9.933440689692695e-14,9.572043533552938e-14,3.613971561397579e-15,0,1
180,5.205528416344745e-14,5.4062557515215375e-14,-2.007273351767922e-15,1,0
181,5.935342464772361e-14,6.288883274823162e-14,-3.5354081005080074e-15,1,0
182,8.015852265446326e-14,7.552250992297766e-14,4.636012731485605e-15,0,1
183,7.684269685611276e-14,8.031607923478622e-14,-3.473382378673461e-15,1,0
184,1.4757815464642704e-13,1.5247146197188485e-13,-4.893307325457816e-15,1,0
185,1.0044965578939242e-13,1.044586366744607e-13,-4.0089808850682804e-15,1,0
186,5.013449752710219e-13,5.052606165276896e-13,-3.915641256667665e-15,1,0
187,3.206946425613885e-14,3.131633386726873e-14,7.531303888701204e-16,0,1
188,1.4955606639136918e-13,1.4780023875405495e-13,1.7558276373142225e-15,0,1
189,4.0557881110111086e-13,4.0180642449583946e-13,3.7723866052713945e-15,0,1
190,1.4608252058652558e-13,1.4408851943613622e-13,1.9940011503893567e-15,0,1
191,2.0029654888702376e-13,2.0268056919458646e-13,-2.3840203075626994e-15,1,0
192,1.384452530097523e-13,1.407457518557196e-13,-2.30049884596729e-15,1,0
193,1.2632264017591486e-13,1.2333271909799466e-13,2.9899210779202e-15,0,1
194,4.410053963155201e-14,4.754155710939225e-14,-3.4410174778402398e-15,1,0
195,6.208472774328612e-13,6.212563747136952e-13,-4.0909728083395217e-16,1,0
196,2.1412289890532432e-12,2.1457147428687653e-12,-4.485753815522122e-15,1,0
197,1.8315706001248675e-13,1.8021271946148612e-13,2.9443405510006235e-15,0,1
198,6.242197219067304e-13,6.29449028550129e-13,-5.229306643398569e-15,1,0
199,1.3708104673957377e-13,1.39701708864474e-13,-2.620662124900221e-15,1,0
200,1.645904469127853e-13,1.6583094095204737e-13,-1.2404940392620765e-15,1,0
201,7.279292407728453e-14,7.707735874090528e-14,-4.284434663620747e-15,1,0
202,4.091909174422658e-14,4.521919472063177e-14,-4.300102976405194e-15,1,0
203,6.052088756063546e-14,5.703969760328482e-14,3.4811899573506344e-15,0,1
204,1.2294639987290872e-13,1.2564108365216413e-13,-2.6946837792554146e-15,1,0
205,1.239026981663779e-13,1.2549350831662173e-13,-1.5908101502438372e-15,1,0
206,6.755372604114661e-13,6.714366229507792e-13,4.100637460686926e-15,0,1
207,2.411178243994064e-13,2.4555239565019943e-13,-4.434571250793047e-15,1,0
208,1.56027121952147e-11,1.5605946768024378e-11,-3.2345728096778335e-15,1,0
209,6.406376209324448e-14,5.981292824133974e-14,4.25083385190474e-15,0,1
210,1.8473033802929364e-13,1.8891383166023651e-13,-4.183493630942876e-15,1,0
211,6.806480457488238e-14,6.919951625995987e-14,-1.1347116850774886e-15,1,0
212,2.0209931303318576e-13,1.9816676795235043e-13,3.932545080835326e-15,0,1
213,1.0656602137236214e-11,1.07791390996671e-11,-1.2253696243088585e-13,1,0
214,4.699423351500159e-13,4.660287183369115e-13,3.913616813104391e-15,0,1
215,2.527502009519683e-13,2.562219260420573e-13,-3.4717250900889963e-15,1,0
216,6.300366551086637e-14,6.269033158439407e-14,3.133339264723008e-16,0,1
217,4.07944435083365e-14,4.2701762275519935e-14,-1.907318767183435e-15,1,0
218,8.157238719465331e-13,8.130202554959335e-13,2.7036164505996047e-15,0,1
219,2.1670984568389153e-13,2.1613595910215072e-13,5.738865817408032e-16,0,1
220,7.337318028609022e-14,7.496944938100519e-14,-1.5962690949149714e-15,1,0
221,1.3710707316530112e-13,1.348659408547484e-13,2.2411323105527246e-15,0,1
222,2.9552580543378007e-14,2.6789737402076675e-14,2.7628431413013317e-15,0,1
223,3.3293596036095833e-13,3.3129160762221763e-13,1.6443527387407022e-15,0,1
224,9.588472511215429e-14,9.74004344909616e-14,-1.5157093788073074e-15,1,0
225,2.830987750573232e-13,2.83368515441124e-13,-2.6974038380082754e-16,1,0
226,1.8350763519615865e-13,1.8125795329108966e-13,2.2496819050689933e-15,0,1
227,2.8099167164097492e-14,2.758417672746575e-14,5.149904366317407e-16,0,1
228,1.6805169307414287e-13,1.7227710348671155e-13,-4.225410412568679e-15,1,0
229,4.3464060553716267e-13,4.3980538394742874e-13,-5.16477841026607e-15,1,0
230,6.205953202516004e-13,6.242392642320555e-13,-3.64394398045505e-15,1,0
231,8.433917211850234e-14,8.456852596515133e-14,-2.29353846648992e-16,1,0
232,8.839671311069705e-13,8.886457055796407e-13,-4.67857447267016e-15,1,0
233,7.253107579339993e-14,6.874176209903922e-14,3.7893136943607136e-15,0,1
234,2.2567132798221027e-13,2.2356816849340725e-13,2.1031594888030102e-15,0,1
235,7.905512203830636e-13,7.875660375986241e-13,2.98518278443954e-15,0,1
236,3.1220157935541294e-14,3.555357454168534e-14,-4.333416606144049e-15,1,0
237,5.401532246631955e-14,5.602943517957811e-14,-2.014112713258559e-15,1,0
238,2.9918763600791643e-13,2.9439240239184297e-13,4.795233616073466e-15,0,1
239,5.240390258732508e-12,5.359018797369133e-12,-1.1862853863662516e-13,1,0
240,4.36356789059839e-13,4.320466982610303e-13,4.310090798808712e-15,0,1
241,3.13924808990404e-13,3.1725931504849445e-13,-3.3345060580904357e-15,1,0
242,9.772466025915804e-13,9.736600968488922e-13,3.586505742688263e-15,0,1
243,1.6438631239046192e-14,1.7808355310971094e-14,-1.3697240719249016e-15,1,0
244,2.764468279801269e-14,3.084777709635213e-14,-3.2030942983394413e-15,1,0
245,8.92896669546155e-14,8.610823942133901e-14,3.1814275332764917e-15,0,1
246,1.7652404947589137e-13,1.7925189929253778e-13,-2.7278498166464107e-15,1,0
247,4.862321231405676e-13,4.844512506203977e-13,1.780872520169896e-15,0,1
248,3.617441056796411e-14,3.6839446690049093e-14,-6.650361220849808e-16,1,0
249,5.53313736230785e-13,5.624725994825132e-13,-9.158863251728233e-15,1,0
250,2.882632647464341e-13,2.8846875423707534e-13,-2.0548949064122027e-16,1,0
251,6.198018153144848e-13,6.233364413759559e-13,-3.5346260614710697e-15,1,0
252,1.0092880754322961e-13,1.0511743780584113e-13,-4.188630262611517e-15,1,0
253,6.135941257376554e-14,5.830421962953503e-14,3.0551929442305152e-15,0,1
254,2.284761160200429e-13,2.2528735974481941e-13,3.188756275223479e-15,0,1
255,2.1282325708548653e-13,2.15337878054674e-13,-2.514620969187473e-15,1,0
256,2.1602054045591193e-13,2.134417869465348e-13,2.5787535093771207e-15,0,1
257,2.8865345518592556e-13,2.905681627984507e-13,-1.914707612525129e-15,1,0
258,1.365583212126759e-13,1.329877909777897e-13,3.570530234886222e-15,0,1
259,1.255477551050352e-13,1.292400507615826e-13,-3.692295656547403e-15,1,0
260,1.0184007505772117e-13,1.0356409443793644e-13,-1.7240193802152739e-15,1,0
261,9.268415465390434e-13,9.311721489222376e-13,-4.330602383194168e-15,1,0
262,1.0203250288572782e-13,1.0425115297869417e-13,-2.2186500929663417e-15,1,0
263,5.5229329710561294e-14,5.921326270796255e-14,-3.9839329974012566e-15,1,0
264,3.7753708130894653e-14,4.2026358344551874e-14,-4.27265021365722e-15,1,0
265,7.660061510212398e-13,7.684313229319912e-13,-2.4251719107513888e-15,1,0
266,6.366824955906479e-13,6.318371125195232e-13,4.845383071124738e-15,0,1
267,1.090816528204961e-13,1.055287191411116e-13,3.552933679384496e-15,0,1
268,3.8592804100653275e-13,3.8327388408155693e-13,2.6541569249758154e-15,0,1
269,3.16961718762322e-13,3.196389296252584e-13,-2.677210862936413e-15,1,0
270,4.4689158932542494e-14,4.128374859925425e-14,3.405410333288243e-15,0,1
271,3.904457135807022e-13,3.9433633113598283e-13,-3.8906175552806354e-15,1,0
272,3.377194564647481e-13,3.337871677175279e-13,3.9322887472202136e-15,0,1
273,2.0713111782051373e-12,2.0716445343471656e-12,-3.333561420282705e-16,1,0
274,8.232509158198213e-14,8.206396207289785e-14,2.6112950908427493e-16,0,1
275,7.409695853064223e-13,7.457302313927743e-13,-4.7606460863519905e-15,1,0
276,5.972443151794622e-14,6.238034040408082e-14,-2.6559088861346017e-15,1,0
277,2.935965853497595e-13,2.9779740251345465e-13,-4.200817163695171e-15,1,0
278,7.379078246817245e-13,7.359410948947091e-13,1.966729787015342e-15,0,1
279,4.989997049713368e-13,5.030760393257927e-13,-4.0763343544559145e-15,1,0
280,7.662305986461597e-13,7.686652312312164e-13,-2.434632585056754e-15,1,0
281,1.1200913000494628e-13,1.1580814919902205e-13,-3.799019194075762e-15,1,0
282,4.14599431510902e-14,3.856811095295957e-14,2.8918321981306323e-15,0,1
283,1.5512184749990135e-12,1.5466127096860333e-12,4.60576531298024e-15,0,1
284,1.7605600733089663e-13,1.7591521380413688e-13,1.407935267597513e-16,0,1
285,1.5291009816633252e-13,1.4997001895092005e-13,2.9400792154124705e-15,0,1
286,3.9674876658325445e-13,4.0110488002041845e-13,-4.356113437164e-15,1,0
287,2.6368569851859733e-14,2.545879743756463e-14,9.097724142951024e-16,0,1
288,2.0990676442840783e-13,2.1318883956269654e-13,-3.2820751342887117e-15,1,0
289,0.0,6.100097473651324e-15,-6.100097473651324e-15,1,0
