sample,raw_rmse,TEMDnet_rmse,raw_minus_TEMDnet_rmse,harmful_modification
1,8.983667393177043e-14,1.5726321709083107e-12,-1.4827954969765403e-12,1
2,8.371707732893784e-14,1.6016622436763506e-12,-1.5179451663474128e-12,1
3,2.2172414187859172e-13,1.626206044057374e-12,-1.4044819021787824e-12,1
4,2.1589060374845745e-14,1.6082012469627118e-12,-1.586612186587866e-12,1
5,3.102452937901309e-11,4.6054728695733465e-11,-1.5030199316720378e-11,1
6,1.9293090220043568e-12,2.195668363535421e-12,-2.663593415310641e-13,1
7,3.6442193705176684e-13,1.534303242933965e-12,-1.1698813058821983e-12,1
8,7.071842817133543e-13,1.626590141294002e-12,-9.194058595806476e-13,1
9,3.4522915648122257e-14,1.6007688126467528e-12,-1.5662458969986307e-12,1
10,1.7567407922681904e-13,1.5207548129520157e-12,-1.3450807337251966e-12,1
11,2.655155876788724e-13,1.578544055465586e-12,-1.3130284677867137e-12,1
12,2.1908801178749936e-13,1.588283994318168e-12,-1.3691959825306686e-12,1
13,1.42562405069239e-12,1.9974324052201382e-12,-5.718083545277482e-13,1
14,8.394535537580118e-14,1.616520085349746e-12,-1.5325747299739448e-12,1
15,3.8887841130409395e-14,1.6090979793958576e-12,-1.5702101382654481e-12,1
16,5.781035501000787e-14,1.599618602131371e-12,-1.541808247121363e-12,1
17,7.698062126893982e-14,1.5989169583575537e-12,-1.521936337088614e-12,1
18,1.0763838831066987e-13,1.58094244713428e-12,-1.47330405882361e-12,1
19,1.6066743382241893e-13,1.4524509965637575e-12,-1.2917835627413386e-12,1
20,1.8359461799987727e-12,2.6859928118750727e-12,-8.500466318763e-13,1
21,8.727456229940406e-13,2.078766930566996e-12,-1.2060213075729555e-12,1
22,1.0586650941857933e-13,1.618254583745507e-12,-1.5123880743269277e-12,1
23,8.355395522380731e-14,1.6186652216137765e-12,-1.5351112663899691e-12,1
24,2.0150127560520563e-13,1.6668179156523665e-12,-1.4653166400471609e-12,1
25,2.702852451061775e-13,1.5443431277917387e-12,-1.2740578826855612e-12,1
26,3.331576391163284e-13,1.7129444512556243e-12,-1.3797868121392958e-12,1
27,1.1823824476817028e-13,1.598057693862769e-12,-1.4798194490945989e-12,1
28,1.6894734815113878e-13,1.6813943068118711e-12,-1.5124469586607324e-12,1
29,4.835593339480554e-13,1.2372007072120458e-12,-7.536413732639904e-13,1
30,1.3674123701307313e-13,1.6704060931677942e-12,-1.533664856154721e-12,1
31,2.275535115974353e-13,1.6006270884288226e-12,-1.3730735768313873e-12,1
32,4.1941246930307605e-13,1.5780585209249735e-12,-1.1586460516218975e-12,1
33,1.3415211590607583e-13,1.576270315465916e-12,-1.44211819955984e-12,1
34,2.321250779725931e-13,1.5908597902716496e-12,-1.3587347122990566e-12,1
35,8.298308636880932e-13,1.7121133607484487e-12,-8.822824970603555e-13,1
36,1.8095997438714745e-13,1.6600590126367893e-12,-1.4790990382496418e-12,1
37,3.514410547840054e-14,1.61056548401532e-12,-1.5754213785369194e-12,1
38,4.001255313376313e-13,1.5901213252762376e-12,-1.1899957939386062e-12,1
39,1.2303692070607675e-13,1.6092018232518155e-12,-1.4861649025457386e-12,1
40,1.3519273165536113e-13,1.6137206174953e-12,-1.4785278858399387e-12,1
41,9.201520883881364e-14,1.6053491630168667e-12,-1.513333954178053e-12,1
42,2.479132021771524e-13,1.6690147554467193e-12,-1.4211015532695668e-12,1
43,1.019904486832716e-13,1.608289829842095e-12,-1.5062993811588235e-12,1
44,4.1971590357053694e-14,1.609796307394871e-12,-1.5678247170378173e-12,1
45,4.719841891961023e-14,1.5993623482576593e-12,-1.552163929338049e-12,1
46,9.545786028626816e-13,1.8448382808652654e-12,-8.902596780025837e-13,1
47,2.820829753569588e-13,1.6173097762474406e-12,-1.3352268008904819e-12,1
48,2.4797735786660526e-13,1.6316808605232708e-12,-1.3837035026566657e-12,1
49,7.024641251736187e-14,1.6124790703558917e-12,-1.5422326578385298e-12,1
50,6.728898605587751e-14,1.6154417456159816e-12,-1.548152759560104e-12,1
51,4.1069565208382466e-14,1.5977085444911882e-12,-1.5566389792828057e-12,1
52,1.7509737762077387e-13,1.6091083664391228e-12,-1.434010988818349e-12,1
53,9.772332364053061e-14,1.5802207053668806e-12,-1.48249738172635e-12,1
54,1.9080122268608243e-13,1.6897847081551747e-12,-1.4989834854690922e-12,1
55,2.0074991543495316e-13,1.6094524408431595e-12,-1.4087025254082063e-12,1
56,5.235607164685527e-13,1.6142667438027007e-12,-1.090706027334148e-12,1
57,1.3733793554618534e-12,1.8655082661794254e-12,-4.92128910717572e-13,1
58,3.40454463216993e-13,1.5980681245270403e-12,-1.2576136613100474e-12,1
59,1.4681103252726493e-13,1.6053783720906184e-12,-1.4585673395633536e-12,1
60,2.857468878250317e-10,2.9609798420369795e-10,-1.0351096378666257e-11,1
61,5.241094392817343e-13,1.7095903996481213e-12,-1.185480960366387e-12,1
62,1.696765224503061e-13,1.5905031051546302e-12,-1.420826582704324e-12,1
63,2.14833039311941e-13,1.5655687476776214e-12,-1.3507357083656805e-12,1
64,3.0091223014857186e-13,1.6081460018753756e-12,-1.3072337717268037e-12,1
65,3.646435398825522e-14,1.6135722553766684e-12,-1.577107901388413e-12,1
66,1.0937976889699151e-13,1.620049523074532e-12,-1.5106697541775405e-12,1
67,4.379454341168651e-14,1.602069398132709e-12,-1.5582748547210224e-12,1
68,4.728115131208504e-14,1.6033679224911443e-12,-1.5560867711790593e-12,1
69,3.112606222300554e-14,1.609482940871712e-12,-1.5783568786487064e-12,1
70,4.389740760131914e-12,4.87555548548176e-12,-4.858147253498455e-13,1
71,1.0737779406988522e-13,1.6130368991149682e-12,-1.505659105045083e-12,1
72,2.9852602402048686e-13,1.6311199549453292e-12,-1.3325939309248422e-12,1
73,1.0675612935335371e-13,1.6648406078887548e-12,-1.5580844785354012e-12,1
74,1.699480012969609e-13,1.5886933275787813e-12,-1.4187453262818205e-12,1
75,6.729379682700537e-14,1.6195471296235624e-12,-1.552253332796557e-12,1
76,2.937686223178272e-13,1.6064799086138515e-12,-1.3127112862960244e-12,1
77,1.798919572665217e-13,1.6307286252418866e-12,-1.450836667975365e-12,1
78,2.5651888264377213e-13,1.6587349438472674e-12,-1.4022160612034952e-12,1
79,5.952079165553348e-14,1.6200283441399926e-12,-1.5605075524844592e-12,1
80,3.2959603449099907e-13,1.6039982968725968e-12,-1.2744022623815977e-12,1
81,1.5457169409862806e-13,1.6216892906635491e-12,-1.467117596564921e-12,1
82,2.4464926639419214e-13,1.6622817243040711e-12,-1.417632457909879e-12,1
83,1.1163593393332085e-13,1.6142869725480776e-12,-1.5026510386147568e-12,1
84,1.23113373996103e-13,1.6176614001676773e-12,-1.4945480261715743e-12,1
85,7.555463430901864e-14,1.6060601057872284e-12,-1.5305054714782098e-12,1
86,3.6631294101254e-13,1.7146442765980313e-12,-1.3483313355854912e-12,1
87,3.811186960781493e-13,1.6859637960432837e-12,-1.3048450999651345e-12,1
88,9.288718859116339e-14,1.5541241357434761e-12,-1.4612369471523128e-12,1
89,8.307502773358743e-14,1.5953226579022568e-12,-1.5122476301686693e-12,1
90,1.9032958669493957e-13,1.649227078239828e-12,-1.4588974915448883e-12,1
91,1.7200986761553402e-12,2.557214840497589e-12,-8.371161643422489e-13,1
92,2.3760814063910935e-13,1.5726780099365455e-12,-1.335069869297436e-12,1
93,4.488465382361152e-13,1.6578559764788086e-12,-1.2090094382426935e-12,1
94,1.0732778942380032e-13,1.6284434414243113e-12,-1.5211156520005109e-12,1
95,2.1039606276180777e-12,2.2428098520314652e-12,-1.388492244133875e-13,1
96,1.1688342649071193e-13,1.5721238984953589e-12,-1.455240472004647e-12,1
97,5.425238796249382e-11,5.450582064860934e-11,-2.534326861155214e-13,1
98,8.250092026820853e-14,1.6200925906182715e-12,-1.537591670350063e-12,1
99,1.7383048060877036e-13,1.6296603384798414e-12,-1.455829857871071e-12,1
100,4.867408049971168e-13,1.6240288231692153e-12,-1.1372880181720986e-12,1
101,6.75556357336148e-13,1.468625071476927e-12,-7.93068714140779e-13,1
102,2.5559963989478265e-14,1.61134633418269e-12,-1.5857863701932116e-12,1
103,5.1856033869711847e-14,1.5956342883761787e-12,-1.543778254506467e-12,1
104,1.2698154876124144e-13,1.6373045294613438e-12,-1.5103229807001023e-12,1
105,1.2998719279849857e-12,2.2755871328474737e-12,-9.75715204862488e-13,1
106,9.067407289546266e-14,1.610518046225452e-12,-1.5198439733299894e-12,1
107,5.086831127454649e-13,1.4753449673371053e-12,-9.666618545916405e-13,1
108,2.944345703569586e-14,1.6063351492374542e-12,-1.5768916922017583e-12,1
109,3.6748473542004256e-13,1.5187452282088754e-12,-1.1512604927888329e-12,1
110,3.8758022855346916e-14,1.615005254165413e-12,-1.5762472313100662e-12,1
111,2.389883180877496e-13,1.631378730192309e-12,-1.3923904121045593e-12,1
112,1.147197667038354e-13,1.6410214784334476e-12,-1.5263017117296122e-12,1
113,2.1329104453310867e-13,1.4708473069309841e-12,-1.2575562623978755e-12,1
114,8.108754855429729e-13,1.7630273618118995e-12,-9.521518762689266e-13,1
115,8.950967675204542e-12,2.0956314130769325e-11,-1.2005346455564783e-11,1
116,6.062963713501881e-13,1.724723262110741e-12,-1.1184268907605528e-12,1
117,3.0403554453156833e-13,1.6342734828862176e-12,-1.3302379383546492e-12,1
118,1.9372191961572656e-13,1.6267841448804964e-12,-1.43306222526477e-12,1
119,4.433407347034633e-13,1.574969855713343e-12,-1.1316291210098796e-12,1
120,2.6107960215355196e-13,1.5967738048720739e-12,-1.335694202718522e-12,1
121,2.2158376701204497e-13,1.6919149238875982e-12,-1.4703311568755532e-12,1
122,1.4612284407290302e-13,1.6027389594265566e-12,-1.4566161153536536e-12,1
123,1.3182778248418844e-12,2.093835093715173e-12,-7.755572688732885e-13,1
124,2.1917800959425279e-13,1.6310263805133639e-12,-1.411848370919111e-12,1
125,5.850053110043759e-13,1.7231837266187006e-12,-1.1381784156143247e-12,1
126,2.0163372114292001e-13,1.5967693456814868e-12,-1.3951356245385669e-12,1
127,2.5545475268383253e-12,2.8260987435314524e-12,-2.7155121669312704e-13,1
128,3.6502057913276577e-13,1.7103557254458832e-12,-1.3453351463131175e-12,1
129,3.243577044958805e-12,3.5576966942173215e-12,-3.1411964925851667e-13,1
130,1.8835063161200923e-12,2.362839983059018e-12,-4.793336669389256e-13,1
131,1.4770462357617585e-13,1.5791720275283024e-12,-1.4314674039521265e-12,1
132,9.055800536591874e-14,1.5714770961169428e-12,-1.4809190907510242e-12,1
133,2.4471665569577907e-13,1.6150600637696746e-12,-1.3703434080738954e-12,1
134,1.770374040035621e-13,1.6522732161363326e-12,-1.4752358121327705e-12,1
135,6.913805246271158e-14,1.6092901767333689e-12,-1.5401521242706574e-12,1
136,1.1671625460855008e-13,1.6050757735108655e-12,-1.4883595189023154e-12,1
137,1.5779246686569232e-13,1.6019817014866711e-12,-1.4441892346209788e-12,1
138,1.3490335970928525e-13,1.5341325648938527e-12,-1.3992292051845676e-12,1
139,8.724650410298288e-13,1.711815343600225e-12,-8.393503025703962e-13,1
140,1.0952585071524717e-13,1.633812562300598e-12,-1.5242867115853508e-12,1
141,1.50381364156988e-13,1.6195591769943128e-12,-1.4691778128373249e-12,1
142,1.351564921784405e-13,1.6331883226163677e-12,-1.4980318304379272e-12,1
143,5.450381738159276e-14,1.6092908265149578e-12,-1.554787009133365e-12,1
144,2.3418959872245287e-13,1.6663973980828267e-12,-1.4322077993603739e-12,1
145,1.2284542110588786e-13,1.6320936985792485e-12,-1.5092482774733606e-12,1
146,2.929727617822592e-13,1.6686384387816079e-12,-1.3756656769993487e-12,1
147,2.5763422862796747e-13,1.6004991910409054e-12,-1.3428649624129379e-12,1
148,6.407939140968791e-14,1.6054218030459265e-12,-1.5413424116362386e-12,1
149,3.7801562208121994e-13,1.3244125631907203e-12,-9.463969411095003e-13,1
150,6.615196124725989e-14,1.602801528457908e-12,-1.5366495672106483e-12,1
151,6.981499829057432e-14,1.6256393932522279e-12,-1.5558243949616536e-12,1
152,4.0934185665328373e-13,1.7718421247604477e-12,-1.362500268107164e-12,1
153,1.1051352986243769e-13,1.621624051925105e-12,-1.5111105220626672e-12,1
154,5.4650155061624454e-14,1.5914158912542755e-12,-1.536765736192651e-12,1
155,2.787634860562662e-13,1.6705118484065488e-12,-1.3917483623502826e-12,1
156,3.205464440898276e-12,3.384976150202025e-12,-1.7951170930374876e-13,1
157,1.961695723281401e-13,1.6087911233939714e-12,-1.4126215510658313e-12,1
158,1.4297868290903357e-12,2.284364940559783e-12,-8.545781114694472e-13,1
159,6.134915442827365e-14,1.608807865712225e-12,-1.5474587112839512e-12,1
160,2.3560527893822097e-13,1.5961107361502266e-12,-1.3605054572120056e-12,1
161,7.675740760915882e-13,1.6674679229161145e-12,-8.998938468245263e-13,1
162,3.7474001164398947e-13,1.5101170306017246e-12,-1.135377018957735e-12,1
163,6.123554400955864e-14,1.5921172125863874e-12,-1.5308816685768286e-12,1
164,4.945439132339645e-13,1.4283307344380495e-12,-9.33786821204085e-13,1
165,1.3582901222582302e-13,1.5993243438284947e-12,-1.4634953316026717e-12,1
166,2.433793864396248e-14,1.6112490087829133e-12,-1.586911070138951e-12,1
167,2.468055741871784e-13,1.6376007764933818e-12,-1.3907952023062033e-12,1
168,6.799978267549599e-14,1.601465541770542e-12,-1.533465759095046e-12,1
169,8.538151256272339e-14,1.6063147883847878e-12,-1.5209332758220644e-12,1
170,1.0786272241870343e-13,1.5741839234623117e-12,-1.4663212010436083e-12,1
171,5.850258679882377e-14,1.6078174061116016e-12,-1.5493148193127778e-12,1
172,3.524411357017511e-14,1.5955333078050376e-12,-1.5602891942348625e-12,1
173,1.2724681946822183e-13,1.6441290336261872e-12,-1.5168822141579654e-12,1
174,3.8308051977498506e-14,1.6051256832872725e-12,-1.566817631309774e-12,1
175,7.09953187943756e-14,1.6050234618187565e-12,-1.5340281430243809e-12,1
176,1.928438400254038e-12,2.7191755466100713e-12,-7.907371463560334e-13,1
177,1.5853568640262633e-13,1.6461059576461143e-12,-1.487570271243488e-12,1
178,4.5705886724354074e-14,1.601319792674153e-12,-1.555613905949799e-12,1
179,9.933447500199064e-14,1.6017063201306391e-12,-1.5023718451286484e-12,1
180,5.205525611309016e-14,1.6126052300242034e-12,-1.5605499739111133e-12,1
181,5.935335997995264e-14,1.6056690117363798e-12,-1.546315651756427e-12,1
182,8.015846830176384e-14,1.617250080713181e-12,-1.5370916124114171e-12,1
183,7.684258887201568e-14,1.5880913608297827e-12,-1.511248771957767e-12,1
184,1.4757824998402478e-13,1.6175344374334013e-12,-1.4699561874493765e-12,1
185,1.0044957866527703e-13,1.5854917091784463e-12,-1.4850421305131692e-12,1
186,5.013449209854116e-13,1.696317707231629e-12,-1.1949727862462174e-12,1
187,3.2069501909581713e-14,1.6157557106570975e-12,-1.5836862087475157e-12,1
188,1.4955610280218837e-13,1.6429502383794569e-12,-1.4933941355772685e-12,1
189,4.0557902793336326e-13,1.5954127897001556e-12,-1.1898337617667924e-12,1
190,1.4608252558331323e-13,1.635720727804484e-12,-1.4896382022211709e-12,1
191,2.0029635465816847e-13,1.6737348249013106e-12,-1.4734384702431421e-12,1
192,1.38445212495839e-13,1.6101959292891038e-12,-1.4717507167932648e-12,1
193,1.263226237473195e-13,1.6153166273091459e-12,-1.4889940035618264e-12,1
194,4.410051377576028e-14,1.6244900640725823e-12,-1.580389550296822e-12,1
195,6.208491858511902e-13,1.8442632481960846e-12,-1.2234140623448944e-12,1
196,2.1412292152938075e-12,2.5536696587144214e-12,-4.1244044342061396e-13,1
197,1.8315711052744e-13,1.5732794758648343e-12,-1.3901223653373944e-12,1
198,6.242194882774376e-13,1.696670875904111e-12,-1.0724513876266733e-12,1
199,1.370809746540227e-13,1.583255721719152e-12,-1.4461747470651295e-12,1
200,1.645903690495874e-13,1.6335916472976462e-12,-1.4690012782480588e-12,1
201,7.279283169409911e-14,1.5917283647592441e-12,-1.5189355330651449e-12,1
202,4.0919074052526064e-14,1.5983808727381477e-12,-1.5574617986856217e-12,1
203,6.05207414893544e-14,1.6074824978094437e-12,-1.5469617563200893e-12,1
204,1.229461186986771e-13,1.6292732804626736e-12,-1.5063271617639965e-12,1
205,1.2390271042397357e-13,1.5807485876550074e-12,-1.4568458772310338e-12,1
206,6.755372243074496e-13,1.713700345964084e-12,-1.0381631216566344e-12,1
207,2.4111787211519895e-13,1.639914081320176e-12,-1.398796209204977e-12,1
208,1.5602715489766736e-11,1.549247845618597e-11,1.1023703358076499e-13,0
209,6.406381888531797e-14,1.608025711406005e-12,-1.5439618925206871e-12,1
210,1.8473013689733368e-13,1.5888749902870055e-12,-1.4041448533896717e-12,1
211,6.806482369621213e-14,1.6213282436555858e-12,-1.5532634199593737e-12,1
212,2.0209921992840415e-13,1.5800541742331403e-12,-1.3779549543047362e-12,1
213,1.0656598376496637e-11,1.0896820629158314e-11,-2.4022225266167783e-13,1
214,4.69942113119617e-13,1.705612411567455e-12,-1.235670298447838e-12,1
215,2.527502404032848e-13,1.6313141661613183e-12,-1.3785639257580335e-12,1
216,6.300373096756339e-14,1.6044048823250942e-12,-1.5414011513575307e-12,1
217,4.079450579802697e-14,1.6235245615419923e-12,-1.5827300557439653e-12,1
218,8.157240725385559e-13,1.7614452818194266e-12,-9.457212092808708e-13,1
219,2.167098770051756e-13,1.5702066803996179e-12,-1.3534968033944423e-12,1
220,7.337321933676287e-14,1.5691107880534115e-12,-1.4957375687166487e-12,1
221,1.371071241915818e-13,1.6206615539867864e-12,-1.4835544297952046e-12,1
222,2.9552570131606027e-14,1.6083904730027945e-12,-1.5788379028711885e-12,1
223,3.3293583531424684e-13,1.3992546507415848e-12,-1.066318815427338e-12,1
224,9.588473437992947e-14,1.621750219500535e-12,-1.5258654851206055e-12,1
225,2.830985606920857e-13,1.5469903382889684e-12,-1.2638917775968826e-12,1
226,1.835079052631604e-13,1.5938564057836464e-12,-1.410348500520486e-12,1
227,2.8099188168411778e-14,1.614817776724934e-12,-1.5867185885565222e-12,1
228,1.6805172760196517e-13,1.512023249738759e-12,-1.343971522136794e-12,1
229,4.3464070484972126e-13,1.6780118693029407e-12,-1.2433711644532194e-12,1
230,6.205940756633923e-13,1.6849437764549534e-12,-1.0643497007915612e-12,1
231,8.43390544698132e-14,1.5754940297698664e-12,-1.4911549753000531e-12,1
232,8.839667563692039e-13,1.7385127363221685e-12,-8.545459799529646e-13,1
233,7.253126498468767e-14,1.610919023172139e-12,-1.5383877581874515e-12,1
234,2.2567186187492008e-13,1.5056668086255924e-12,-1.2799949467506723e-12,1
235,7.905514557569955e-13,1.7215611988545858e-12,-9.310097430975901e-13,1
236,3.1220120686668067e-14,1.612653706672935e-12,-1.5814335859862669e-12,1
237,5.4015313176512965e-14,1.6038011002021765e-12,-1.5497857870256636e-12,1
238,2.9918748845588936e-13,1.664617073742389e-12,-1.3654295852864996e-12,1
239,5.24039497332032e-12,6.027683938102187e-12,-7.872889647818672e-13,1
240,4.363571500045829e-13,1.6609434097060155e-12,-1.2245862597014325e-12,1
241,3.139247554057224e-13,1.7460136824852859e-12,-1.4320889270795636e-12,1
242,9.772466854666844e-13,1.8914258054264556e-12,-9.141791199597712e-13,1
243,1.6438647959366098e-14,1.6134893016268296e-12,-1.5970506536674635e-12,1
244,2.7644746611539312e-14,1.617575656138874e-12,-1.5899309095273348e-12,1
245,8.928975473400581e-14,1.595626946007154e-12,-1.5063371912731482e-12,1
246,1.7652392413958576e-13,1.6321953172110145e-12,-1.4556713930714288e-12,1
247,4.862321885214426e-13,1.5908489416282274e-12,-1.1046167531067849e-12,1
248,3.617444912131385e-14,1.6055926213578989e-12,-1.569418172236585e-12,1
249,5.533184761707098e-13,2.3961405739790877e-12,-1.8428220978083777e-12,1
250,2.8826343071826795e-13,1.749415719779873e-12,-1.461152289061605e-12,1
251,6.198013371135579e-13,1.628069098818661e-12,-1.0082677617051029e-12,1
252,1.0092888620923896e-13,1.6130084196647653e-12,-1.5120795334555263e-12,1
253,6.135938601081906e-14,1.605292996197782e-12,-1.5439336101869628e-12,1
254,2.2847626086994914e-13,1.610962199881654e-12,-1.382485939011705e-12,1
255,2.1282309238535118e-13,1.5905191843502112e-12,-1.37769609196486e-12,1
256,2.160205309031649e-13,1.5545703837596073e-12,-1.3385498528564424e-12,1
257,2.88653223352935e-13,1.6563864258219713e-12,-1.3677332024690363e-12,1
258,1.3655818648295184e-13,1.6008046996954357e-12,-1.4642465132124838e-12,1
259,1.2554791257681166e-13,1.6230187393821057e-12,-1.497470826805294e-12,1
260,1.0184004974519027e-13,1.6154671689622485e-12,-1.5136271192170582e-12,1
261,9.26841494752695e-13,1.6728039324723493e-12,-7.459624377196544e-13,1
262,1.0203254560427879e-13,1.6321612633029705e-12,-1.5301287176986917e-12,1
263,5.5229306853882684e-14,1.6195005245532995e-12,-1.5642712176994169e-12,1
264,3.7753716662474076e-14,1.6020092962008907e-12,-1.5642555795384166e-12,1
265,7.660063546017869e-13,2.014235492793917e-12,-1.2482291381921302e-12,1
266,6.366826716916676e-13,1.718785031596842e-12,-1.0821023599051746e-12,1
267,1.0908158738200655e-13,1.6108600365684113e-12,-1.5017784491864049e-12,1
268,3.8592805954553905e-13,1.6176581174680628e-12,-1.2317300579225237e-12,1
269,3.169621857736576e-13,1.5299756081105994e-12,-1.2130134223369418e-12,1
270,4.468912881411706e-14,1.5990042776809964e-12,-1.5543151488668793e-12,1
271,3.90444758721774e-13,1.6279412389662571e-12,-1.2374964802444831e-12,1
272,3.377187754375987e-13,1.6490036420848766e-12,-1.3112848666472778e-12,1
273,2.0713110905079896e-12,2.9008303947119794e-12,-8.295193042039898e-13,1
274,8.232523553487587e-14,1.6028076832355838e-12,-1.520482447700708e-12,1
275,7.409695696048114e-13,1.8133901356721244e-12,-1.072420566067313e-12,1
276,5.972450231934602e-14,1.6071397241217751e-12,-1.547415221802429e-12,1
277,2.9359633527092136e-13,1.505516258019617e-12,-1.2119199227486958e-12,1
278,7.379076774756416e-13,1.8730919027806916e-12,-1.13518422530505e-12,1
279,4.989996919034579e-13,1.7322215283953492e-12,-1.2332218364918911e-12,1
280,7.66230670886125e-13,1.7550708335936436e-12,-9.888401627075187e-13,1
281,1.1200905742367204e-13,1.6195865761634138e-12,-1.5075775187397417e-12,1
282,4.1459997745875724e-14,1.600903667097727e-12,-1.5594436693518512e-12,1
283,1.551218746293697e-12,2.407335448379407e-12,-8.5611670208571e-13,1
284,1.7605592844126e-13,1.6024840347668286e-12,-1.4264281063255686e-12,1
285,1.5291010424740065e-13,1.5775360059921382e-12,-1.4246259017447376e-12,1
286,3.9674930725919514e-13,1.5505911839093712e-12,-1.153841876650176e-12,1
287,2.6368536674940124e-14,1.600316589087369e-12,-1.5739480524124289e-12,1
288,2.099067630764078e-13,1.583066528255848e-12,-1.3731597651794402e-12,1
289,0.0,1.6063158807201811e-12,-1.6063158807201811e-12,1
