Channel,Raw_RMSE,TEMDnet_RMSE,Raw_SNR_dB,TEMDnet_SNR_dB,Raw_MRE,TEMDnet_MRE
1,1.6522838515284416e-11,1.8282542217501236e-11,49.09149597255223,48.21245744015077,0.0031552640402655353,0.026241689648733132
2,2.2698238174880196e-11,2.2375485785384788e-11,44.810652140489104,44.935045658657565,0.0037843782026646218,0.01940204408174602
3,1.7384108851940156e-11,1.822057856722219e-11,45.58885158267411,45.180656971908846,0.004375065873393631,0.04977551737108536
4,1.3737919760635427e-11,1.5536596786749438e-11,46.08559038357329,45.016891995386075,0.005171498597862673,0.010466848344107074
5,1.6208715793487626e-11,2.020042896161387e-11,43.099207781517336,41.18696808996792,0.0060799670191839595,0.012370175550560546
6,9.878184116683053e-12,1.1875167686290626e-11,45.85712580979045,44.25787312356066,0.006926353632751536,0.014515436521738161
7,1.6522838515280196e-11,1.6528348825596765e-11,39.86089398344818,39.85799775177994,0.007737641478429027,0.017312834247147423
8,2.269823817551266e-11,2.266061083104936e-11,35.59968150302327,35.614092231845035,0.00922648719896236,0.020570284917588368
9,1.7384108852521386e-11,1.8376585309014707e-11,36.447761154862334,35.96551350822847,0.010852479338729666,0.024218802628915792
10,1.373791976056721e-11,1.6861677486605777e-11,37.066040712628066,35.2864446558367,0.012740720167167058,0.02830970477140221
11,2.2698238175502604e-11,2.2538824731247604e-11,31.32611021346598,31.3873278622847,0.014700150710992056,0.034034706635367847
12,1.738410885217816e-11,1.8489230059792738e-11,32.314067333351765,31.778739459852346,0.01740906455727592,0.2717836976305696
13,1.3737919760597745e-11,1.656496690327166e-11,33.077029967611125,31.451638026671574,0.020405147408763275,0.47259814097909913
14,1.7384108852118717e-11,1.640763910618227e-11,29.791073656564116,30.293200411403895,0.024047582138193257,0.02703969236122655
15,1.373791976060697e-11,1.482370782897168e-11,30.62423425359657,29.963516831160703,0.028174272296673738,0.030727547248200066
16,1.620871579308746e-11,1.8982487030129327e-11,27.99314225858902,26.621052168622068,0.03318536289745398,0.3148085356003229
17,9.878184116904973e-12,1.100176454887594e-11,31.10296751149697,30.167262917878638,0.03911810953941921,0.295765215281053
18,5.299746571250813e-12,5.5656209061482166e-12,35.30895361526603,34.88378323251017,0.04506535059091342,0.11189809919154065
19,5.037548098666805e-12,4.688149588892685e-12,34.523742891338934,35.148097794957884,0.05124762383093634,0.13370315961056745
20,5.745653685382545e-12,6.220315898261496e-12,32.121045354432425,31.43158545112182,0.0592292126579999,0.1607833117720387
21,3.732055143896431e-12,5.801972219045738e-12,34.565279929059315,30.732728072260905,0.0684963506682704,0.1925155348398963
22,1.0631772260075083e-11,8.830722782694526e-12,24.118218183870486,25.73040645784009,0.08012416160047044,0.22986871645154264
23,6.5916887476607064e-12,5.097102979146337e-12,26.860878798624487,29.094344485249515,0.09965128663800832,0.2720053710028805
24,8.178590918806026e-12,7.289907181310505e-12,23.518280146457798,24.517409891566047,0.12114842936893376,0.33197883373007664
25,3.4626086075862963e-12,5.160118132218793e-12,29.45272781619703,25.987603018397955,0.1459667523048296,0.3930896674528001
26,1.934286792512786e-11,2.02214323755013e-11,12.915538537325428,12.529717558054509,0.18117940966170862,0.2128531386743748
27,1.842772486292727e-11,1.8881721908915856e-11,11.676969298940591,11.465571745340057,0.19168166246066504,2.879535189969917
28,5.849870899311898e-12,5.560326264216699e-12,19.918925581949352,20.359845706948406,0.21626221463195447,1.593439218321127
29,4.5386322133846475e-12,8.727265740144995e-12,20.334063145881704,14.654998967328215,0.24924814781727042,6.629106843202963
30,9.134234959174706e-12,1.2436133366556534e-11,12.405859466945092,9.725595625238878,0.3288508001841396,20.51644872191597
31,3.732383140423342e-12,6.725211896956741e-12,18.26358817418932,13.149193102806297,0.39729498806690283,14.862039820811283
32,1.0643674221248103e-11,9.569197443360786e-12,7.184473668760205,8.108794823647482,0.45100887513846816,1.353535020796989
33,9.652965064172875e-12,8.805969196879365e-12,5.997273983027417,6.794945431641489,0.5446967616602499,0.5548817152599345
34,1.3891376848694898e-11,1.583446719657512e-11,0.7437065781015026,-0.39345665284583764,0.6376080673373784,8.039238772306966
35,2.7043854833574922e-11,2.5995843626068997e-11,-7.187322031648227,-6.844028427942504,0.8003888177609124,6.210441011577162
36,2.1181838000952627e-11,2.196845528109662e-11,-7.25834833283516,-7.575065897176216,0.939204054842799,17.66810932751535
37,3.1362383973483344e-11,3.173690048394407e-11,-12.903887833357697,-13.006996681761372,1.0553157642512707,26.4454633190241
38,2.882879619286139e-12,2.6810661234624903e-12,5.553900994126297,6.184280648376119,1.2394366398961993,2.4138596534444496
39,3.355652614374837e-12,3.3225770177940816e-12,1.9316499180471547,2.0176886877595734,1.384616162260578,5.089454747338154
40,5.797997412278118e-11,6.020547253687758e-11,-25.141138849660916,-25.468297894035175,2.979478772290274,10.35502431984534
