Channel,Raw_RMSE,Wavelet_RMSE,Raw_NRMSE,Wavelet_NRMSE,Raw_SNR_dB,Wavelet_SNR_dB,Raw_MRE,Wavelet_MRE,Wavelet_RMSE_reduction_vs_Raw_pct
1,1.6522838515284416e-11,1.4237900780509637e-11,0.003510954500673671,0.003025425793469664,49.09149597255223,50.38426989632252,0.0031552640402655353,0.00754178698466576,13.828966086312
2,2.2698238174880196e-11,8.108472775092251e-12,0.005747346658891227,0.0020531198744848348,44.810652140489104,53.751713859081775,0.0037843782026646218,0.00532579843708551,64.27708303781137
3,1.7384108851940156e-11,9.857005246180069e-12,0.005254814878040091,0.0029795451847257313,45.58885158267411,50.517000482493195,0.004375065873393631,0.004351595044624681,43.29876020604889
4,1.3737919760635427e-11,4.372579821604274e-12,0.004962728091748855,0.0015795640891911884,46.08559038357329,56.02925496697259,0.005171498597862673,0.005848774224210377,68.1714561025939
5,1.6208715793487626e-11,1.1152062906717886e-11,0.0069990582976853614,0.0048155535218239575,43.099207781517336,46.34707571738342,0.0060799670191839595,0.00619156960922873,31.197122284057897
6,9.878184116683053e-12,2.4703239836188653e-11,0.005094994382503962,0.012741498509069311,45.85712580979045,37.89558984511713,0.006926353632751536,0.007567996375153311,-150.0787548034044
7,1.6522838515280196e-11,2.4459104588776712e-11,0.010161441022304086,0.015042194384903911,39.86089398344818,36.45377606778896,0.007737641478429027,0.00808500428039394,-48.032098517195564
8,2.269823817551266e-11,1.9756831958262814e-11,0.016596477628163107,0.01444578284284749,35.59968150302327,36.805178359723456,0.00922648719896236,0.009007969180455022,12.958742412100941
9,1.7384108852521386e-11,1.6487627829316855e-11,0.015052614598370054,0.014276366390795521,36.447761154862334,36.90764629550037,0.010852479338729666,0.010594523884132952,5.156899504080743
10,1.373791976056721e-11,1.9514879668286973e-11,0.014018384390655933,0.01991328303668502,37.066040712628066,34.017142667682954,0.012740720167167058,0.012332819886671894,-42.051198495872164
11,2.2698238175502604e-11,2.4449781426330985e-11,0.025895300638910008,0.027893549961679323,31.32611021346598,30.6804535693104,0.014700150710992056,0.014826452550675114,-7.716648478553539
12,1.738410885217816e-11,2.5387445820633753e-11,0.019832672544274347,0.028963285031032744,32.314067333351765,29.02473579554534,0.01740906455727592,0.018326753764523293,-46.03823547419174
13,1.3737919760597745e-11,2.1336844500613343e-11,0.015672915210566733,0.02434215372827375,33.077029967611125,29.252845633488405,0.020405147408763275,0.021111422445757522,-55.313503590335166
14,1.7384108852118717e-11,1.496212771388861e-11,0.01983267254420653,0.01706955369633369,29.791073656564116,31.094255160869636,0.024047582138193257,0.02402722226339063,13.932155848960434
15,1.373791976060697e-11,8.875053146315852e-12,0.01567291521057726,0.010125110488011006,30.62423425359657,34.41923451442197,0.028174272296673738,0.028456009063286082,35.397401491856336
16,1.620871579308746e-11,4.822617977487172e-12,0.018491724564140295,0.005501887037577409,27.99314225858902,38.52245718990141,0.03318536289745398,0.034248857389338146,70.24676082269345
17,9.878184116904973e-12,4.672973298515287e-12,0.01126953314596171,0.005331164802616794,31.10296751149697,37.604643854314176,0.03911810953941921,0.04018716130249561,52.69400485744925
18,5.299746571250813e-12,5.18128452265734e-12,0.006046219522037132,0.005911072012397377,35.30895361526603,35.50530683462286,0.04506535059091342,0.044742235765434984,2.235239874225055
19,5.037548098666805e-12,4.582428029142078e-12,0.0057470902141971165,0.005227866169757223,34.523742891338934,35.34621395325609,0.05124762383093634,0.048862911559220006,9.034555315614254
20,5.745653685382545e-12,4.161037791012771e-12,0.006554932959978412,0.00474712282667092,32.121045354432425,34.923801065929695,0.0592292126579999,0.056697662726864925,27.579384020327886
21,3.732055143896431e-12,4.463571807951719e-12,0.004257717678568182,0.0050922689680391224,34.565279929059315,33.01059045395146,0.0684963506682704,0.06904975350528142,-19.600907163755156
22,1.0631772260075083e-11,4.7020401640707095e-12,0.012129264697565973,0.005364325756183702,24.118218183870486,31.204604797217833,0.08012416160047044,0.08287489222753712,55.773693707416726
23,6.5916887476607064e-12,4.5996373213265665e-12,0.0075201326428505745,0.005247499402585891,26.860878798624487,29.986340860484447,0.09965128663800832,0.09587744358035663,30.220653653300754
24,8.178590918806026e-12,4.647921045236685e-12,0.009330551076590405,0.005302583922227952,23.518280146457798,28.426675024900035,0.12114842936893376,0.11141090818071361,43.169659769274475
25,3.4626086075862963e-12,4.964689167392005e-12,0.003950319412239548,0.005663969052325316,29.45272781619703,26.32295464042697,0.1459667523048296,0.1285714088894465,-43.38002731567096
26,1.934286792512786e-11,5.508431928494691e-12,0.02206732418027525,0.006284298355424335,12.915538537325428,23.825396127311155,0.18117940966170862,0.16251097703994064,71.52215509190953
27,1.842772486292727e-11,5.769890808607821e-12,0.021023282588145283,0.0065825838986851085,11.676969298940591,21.763051796022175,0.19168166246066504,0.19966528615705084,68.68907664116674
28,5.849870899311898e-12,4.347681043384724e-12,0.006673829240191158,0.00496005490955002,19.918925581949352,22.496697703627525,0.21626221463195447,0.2052383224575158,25.6790257730965
29,4.5386322133846475e-12,2.9065182798157052e-12,0.005177901683218838,0.0033159033792123237,20.334063145881704,24.205101797217992,0.24924814781727042,0.22666366508682292,35.960480092565305
30,9.134234959174706e-12,3.5007611627451286e-12,0.010420798237528117,0.00399384578104146,12.405859466945092,20.736053395571933,0.3288508001841396,0.28858981418332413,61.67428166243023
31,3.732383140423342e-12,3.958310888540535e-12,0.00425809187363157,0.00451584170050936,18.26358817418932,17.753114534177747,0.39729498806690283,0.3492266522003916,-6.053176740359165
32,1.0643674221248103e-11,5.185898830414793e-12,0.012142843058158765,0.0059163362485771115,7.184473668760205,13.429824334172993,0.45100887513846816,0.39848711999213116,51.27717437966941
33,9.652965064172875e-12,7.490716210441652e-12,0.01101259183470159,0.008545788742295111,5.997273983027417,8.200021792732654,0.5446967616602499,0.48277990099250273,22.399841285621573
34,1.3891376848694898e-11,3.0962216468010285e-12,0.015847986835100844,0.0035323265959534464,0.7437065781015026,13.781971588050759,0.6376080673373784,0.619734206027328,77.71119680557857
35,2.7043854833574922e-11,1.4911150824234636e-11,0.030853000393056076,0.017011396676699854,-7.187322031648227,-2.0161733716776347,0.8003888177609124,0.8251964969534603,44.863071792108364
36,2.1181838000952627e-11,1.4883888913462294e-11,0.02416531445649135,0.01698029490703903,-7.25834833283516,-4.193403888105501,0.939204054842799,1.4972736749242472,29.73277903082391
37,3.1362383973483344e-11,3.129302066827161e-11,0.035779797333468644,0.035700664158995886,-12.903887833357697,-12.884656219945382,1.0553157642512707,1.02559176436449,0.22116719593248615
38,2.882879619286139e-12,3.1914940514519173e-12,0.00328893519708377,0.0036410181843468275,5.553900994126297,4.670550365923149,1.2394366398961993,1.2371842825416377,-10.705075234539198
39,3.355652614374837e-12,2.9969812573498066e-11,0.003828298593798531,0.03419108129370632,1.9316499180471547,-17.086490716383047,1.384616162260578,4.721766570618362,-793.1142766421752
40,5.797997412278118e-11,7.821437123070879e-11,0.0661464933681971,0.08923091923004153,-25.141138849660916,-27.74130967266916,2.979478772290274,4.825300720695939,-34.8989412535409
