Sample,Raw_RMSE,Wavelet_RMSE,Raw_minus_Wavelet_RMSE,Wavelet_harmful_modification,Wavelet_improved,Wavelet_threshold,Wavelet_sigma_MAD
1,8.983667393177043e-14,1.1713787420469268e-13,-2.730120027292225e-14,1,0,1.3361386822323369e-13,4.919141414490265e-14
2,8.371707732893784e-14,1.143876637224477e-13,-3.0670586393509863e-14,1,0,2.098893435456665e-13,7.727306873345422e-14
3,2.2172414187859172e-13,2.7750749790550363e-13,-5.578335602691191e-14,1,0,4.847001714198374e-13,1.784476954786085e-13
4,2.1589060374845745e-14,2.1316692839298053e-14,2.723675355476925e-16,0,1,3.236380623478852e-14,1.1915090977989014e-14
5,3.102452937901309e-11,4.3591466032929415e-11,-1.2566936653916328e-11,1,0,5.524973665857459e-11,2.034079780422195e-11
6,1.9293090220043568e-12,1.995752835510298e-12,-6.644381350594134e-14,1,0,2.1102846000449985e-12,7.769244697787513e-13
7,3.6442193705176684e-13,4.252060335488353e-13,-6.078409649706844e-14,1,0,5.88344816186858e-13,2.1660561061446624e-13
8,7.071842817133543e-13,7.887978819748029e-13,-8.16136002614486e-14,1,0,7.06471441325512e-13,2.600952259965076e-13
9,3.4522915648122257e-14,4.2457600944876545e-14,-7.934685296754288e-15,1,0,4.690514643980564e-14,1.726864519926062e-14
10,1.7567407922681904e-13,1.8169476896746967e-13,-6.0206897406506285e-15,1,0,2.576619735868612e-13,9.486108755513362e-14
11,2.655155876788724e-13,3.094503191512245e-13,-4.3934731472352096e-14,1,0,4.4610955732000043e-13,1.6424013674586083e-13
12,2.1908801178749936e-13,2.6056740422086283e-13,-4.1479392433363477e-14,1,0,3.916442857190636e-13,1.4418814837471354e-13
13,1.42562405069239e-12,1.3931421906372102e-12,3.2481860055179795e-14,0,1,1.0850970940784606e-12,3.9949042155612343e-13
14,8.394535537580118e-14,1.551199143013308e-13,-7.117455892552963e-14,1,0,2.695152756226028e-13,9.922501097998806e-14
15,3.8887841130409395e-14,5.398416210568472e-14,-1.5096320975275326e-14,1,0,8.450232423060732e-14,3.111045943591532e-14
16,5.781035501000787e-14,8.4010043468629e-14,-2.6199688458621135e-14,1,0,1.44438189817742e-13,5.317650711072761e-14
17,7.698062126893982e-14,8.554155552746292e-14,-8.560934258523097e-15,1,0,8.698832810473809e-14,3.2025709086003174e-14
18,1.0763838831066987e-13,1.2985496765397858e-13,-2.2216579343308716e-14,1,0,1.9807920924324185e-13,7.292503798407972e-14
19,1.6066743382241893e-13,1.922008383767047e-13,-3.153340455428577e-14,1,0,2.7046498266983405e-13,9.957465606771677e-14
20,1.8359461799987727e-12,2.1587204982031252e-12,-3.2277431820435253e-13,1,0,3.094596409330212e-12,1.139309681000769e-12
21,8.727456229940406e-13,1.0432279234867989e-12,-1.7048230049275833e-13,1,0,1.1630738604808416e-12,4.2819842515475637e-13
22,1.0586650941857933e-13,1.2727486729815328e-13,-2.1408357879573958e-14,1,0,1.7830284881954737e-13,6.564415353086204e-14
23,8.355395522380731e-14,1.0522666783130923e-13,-2.1672712607501923e-14,1,0,1.2047469380453856e-13,4.435408266915878e-14
24,2.0150127560520563e-13,2.4027858803737963e-13,-3.877731243217399e-14,1,0,3.26489345430256e-13,1.2020064098529855e-13
25,2.702852451061775e-13,2.6562833150556907e-13,4.656913600608423e-15,0,1,1.962032927722124e-13,7.223439871695306e-14
26,3.331576391163284e-13,3.507821475558696e-13,-1.762450843954118e-14,1,0,4.612640418100674e-13,1.6981942677478133e-13
27,1.1823824476817028e-13,2.0138675530846125e-13,-8.314851054029097e-14,1,0,2.904486770169746e-13,1.0693187278367145e-13
28,1.6894734815113878e-13,1.832803902959785e-13,-1.433304214483973e-14,1,0,2.779620830021328e-13,1.023347959561589e-13
29,4.835593339480554e-13,6.726366549373647e-13,-1.890773209893093e-13,1,0,1.1690718090341175e-12,4.304066358384787e-13
30,1.3674123701307313e-13,1.424703187489697e-13,-5.729081735896556e-15,1,0,1.3715517154664656e-13,5.049518388610704e-14
31,2.275535115974353e-13,2.341663397259275e-13,-6.612828128492168e-15,1,0,3.890998321806524e-13,1.4325137983829687e-13
32,4.1941246930307605e-13,4.2768830847996463e-13,-8.27583917688858e-15,1,0,3.418901528877436e-13,1.2587061752202638e-13
33,1.3415211590607583e-13,1.4179047208465597e-13,-7.638356178580134e-15,1,0,1.711847504431791e-13,6.302354737813033e-14
34,2.321250779725931e-13,2.7047613115547226e-13,-3.835105318287915e-14,1,0,3.3815773690942934e-13,1.244964875563887e-13
35,8.298308636880932e-13,9.852959043397446e-13,-1.5546504065165144e-13,1,0,1.2469196248068579e-12,4.590671648455048e-13
36,1.8095997438714745e-13,3.1392035730001586e-13,-1.3296038291286842e-13,1,0,5.804068613295565e-13,2.1368316528718423e-13
37,3.514410547840054e-14,7.126048337349801e-14,-3.611637789509747e-14,1,0,1.2843907236645545e-13,4.7286256173719527e-14
38,4.001255313376313e-13,4.4639399162059654e-13,-4.6268460282965253e-14,1,0,5.99900681007791e-13,2.208600292595375e-13
39,1.2303692070607675e-13,1.25362414992923e-13,-2.3254942868462507e-15,1,0,1.0333670795791614e-13,3.804454481503287e-14
40,1.3519273165536113e-13,1.413840605348692e-13,-6.191328879508076e-15,1,0,1.9423789370262759e-13,7.151081544765929e-14
41,9.201520883881364e-14,9.547582311563682e-14,-3.4606142768231894e-15,1,0,1.866295545611397e-13,6.870972176898138e-14
42,2.479132021771524e-13,2.6960082353034896e-13,-2.168762135319658e-14,1,0,3.109187275328147e-13,1.1446814686870444e-13
43,1.019904486832716e-13,1.074228021114212e-13,-5.432353428149594e-15,1,0,1.5198865884492268e-13,5.5956295270769223e-14
44,4.1971590357053694e-14,5.404960982566708e-14,-1.2078019468613387e-14,1,0,6.38362130002773e-14,2.3502003443927098e-14
45,4.719841891961023e-14,7.13357438062028e-14,-2.4137324886592568e-14,1,0,1.0790403565928847e-13,3.9726056708082194e-14
46,9.545786028626816e-13,1.0018240586042164e-12,-4.724545574153477e-14,1,0,3.9093847264121873e-13,1.4392829553246855e-13
47,2.820829753569588e-13,2.8528949263497714e-13,-3.2065172780183203e-15,1,0,2.718096970121587e-13,1.0006972743268441e-13
48,2.4797735786660526e-13,2.463269869548675e-13,1.650370911737787e-15,0,1,1.2889192876722678e-13,4.745298023503699e-14
49,7.024641251736187e-14,9.106395461947581e-14,-2.0817542102113936e-14,1,0,1.1664956800325378e-13,4.294582056321495e-14
50,6.728898605587751e-14,9.800218757799777e-14,-3.071320152212026e-14,1,0,1.2864183323848847e-13,4.7360904817316116e-14
51,4.1069565208382466e-14,4.2203150686159123e-14,-1.1335854777766574e-15,1,0,6.026027808709847e-14,2.2185483702312366e-14
52,1.7509737762077387e-13,1.81852209730675e-13,-6.754832109901133e-15,1,0,2.2119164966145612e-13,8.143413695434715e-14
53,9.772332364053061e-14,8.578243616059738e-14,1.1940887479933226e-14,0,1,9.807476190644903e-14,3.6107301541801714e-14
54,1.9080122268608243e-13,1.977539277700423e-13,-6.952705083959864e-15,1,0,1.0505851867720486e-13,3.867844835587008e-14
55,2.0074991543495316e-13,2.38392458555218e-13,-3.764254312026482e-14,1,0,3.673720336272292e-13,1.3525205198923904e-13
56,5.235607164685527e-13,6.451772463105491e-13,-1.2161652984199638e-13,1,0,8.492824820908043e-13,3.126726802994772e-13
57,1.3733793554618534e-12,1.4185449068782575e-12,-4.516555141640418e-14,1,0,5.782719481812146e-13,2.1289717354665605e-13
58,3.40454463216993e-13,4.5072816160081145e-13,-1.1027369838381844e-13,1,0,8.033077858306994e-13,2.957465905605105e-13
59,1.4681103252726493e-13,1.4947134053355548e-13,-2.660308006290547e-15,1,0,1.4835921703884078e-13,5.4620076378434566e-14
60,2.857468878250317e-10,3.048493853809659e-10,-1.9102497555934187e-11,1,0,3.470131300463014e-10,1.2775669786991703e-10
61,5.241094392817343e-13,6.205401442950296e-13,-9.643070501329534e-14,1,0,7.030531130512051e-13,2.588367308712582e-13
62,1.696765224503061e-13,1.8738445228467065e-13,-1.7707929834364543e-14,1,0,3.042897061188482e-13,1.1202759977515691e-13
63,2.14833039311941e-13,2.666628876683532e-13,-5.1829848356412223e-14,1,0,3.3833525530918615e-13,1.245618429063752e-13
64,3.0091223014857186e-13,3.4358184159300426e-13,-4.2669611444432404e-14,1,0,4.0647438757068996e-13,1.4964801336998195e-13
65,3.646435398825522e-14,4.1673306550660876e-14,-5.2089525624056565e-15,1,0,6.80689767871907e-14,2.5060341954655115e-14
66,1.0937976889699151e-13,1.058023073869159e-13,3.577461510075611e-15,0,1,1.0221535333263229e-13,3.7631705784854655e-14
67,4.379454341168651e-14,5.6643050657573674e-14,-1.2848507245887162e-14,1,0,6.086042246833496e-14,2.2406433452489622e-14
68,4.728115131208504e-14,6.809838744970335e-14,-2.081723613761831e-14,1,0,1.280981908997687e-13,4.7160756915108937e-14
69,3.112606222300554e-14,4.420566747232203e-14,-1.3079605249316486e-14,1,0,8.194691820289044e-14,3.016965862018126e-14
70,4.389740760131914e-12,6.0339666266077245e-12,-1.6442258664758103e-12,1,0,7.892719204608213e-12,2.9057913245550134e-12
71,1.0737779406988522e-13,1.2062521755939862e-13,-1.3247423489513395e-14,1,0,1.1029220995538086e-13,4.060528932376411e-14
72,2.9852602402048686e-13,2.9602866955496845e-13,2.4973544655184057e-15,0,1,2.4544289927760316e-13,9.036250104755781e-14
73,1.0675612935335371e-13,1.3916957091404805e-13,-3.241344156069434e-14,1,0,2.0463362458312877e-13,7.533811803145475e-14
74,1.699480012969609e-13,1.9356461031644712e-13,-2.361660901948623e-14,1,0,1.7140072281549637e-13,6.3103059980765e-14
75,6.729379682700537e-14,9.753214678572015e-14,-3.023834995871478e-14,1,0,1.344370523714848e-13,4.94944784367506e-14
76,2.937686223178272e-13,4.2636885181087933e-13,-1.3260022949305211e-13,1,0,7.688440890414228e-13,2.830584017948561e-13
77,1.798919572665217e-13,1.979560524070984e-13,-1.8064095140576707e-14,1,0,3.917358635476823e-13,1.4422186375885725e-13
78,2.5651888264377213e-13,2.9144563565629796e-13,-3.492675301252583e-14,1,0,3.3624380808511525e-13,1.237918536236041e-13
79,5.952079165553348e-14,8.336730297833825e-14,-2.384651132280477e-14,1,0,1.2940928984410977e-13,4.764345240183994e-14
80,3.2959603449099907e-13,3.5834464722876564e-13,-2.8748612737766575e-14,1,0,3.1898074965366987e-13,1.1743626892269487e-13
81,1.5457169409862806e-13,1.917151975241337e-13,-3.714350342550563e-14,1,0,2.4851866518952184e-13,9.149487807396933e-14
82,2.4464926639419214e-13,2.980284309494633e-13,-5.3379164555271133e-14,1,0,3.818519098608055e-13,1.405829775738703e-13
83,1.1163593393332085e-13,1.4598591405868805e-13,-3.4349980125367205e-14,1,0,2.3590106916802463e-13,8.684957141785518e-14
84,1.23113373996103e-13,1.6639107438797647e-13,-4.327770039187346e-14,1,0,2.0618402405802537e-13,7.590891463867711e-14
85,7.555463430901864e-14,8.295273545051102e-14,-7.398101141492383e-15,1,0,9.147444319646947e-14,3.367732166420023e-14
86,3.6631294101254e-13,4.714861048986208e-13,-1.0517316388608077e-13,1,0,6.427445641887122e-13,2.366334757524372e-13
87,3.811186960781493e-13,3.7560951420720216e-13,5.509181870947154e-15,0,1,5.863241065478731e-13,2.158616641511258e-13
88,9.288718859116339e-14,9.366544602849225e-14,-7.782574373288624e-16,1,0,9.882868250113174e-14,3.6384865695123334e-14
89,8.307502773358743e-14,8.435600872021782e-14,-1.2809809866303873e-15,1,0,5.997937575013386e-14,2.2082066419543404e-14
90,1.9032958669493957e-13,2.2442247993987741e-13,-3.409289324493784e-14,1,0,2.1782145821451148e-13,8.019336393116605e-14
91,1.7200986761553402e-12,1.8034123240449255e-12,-8.331364788958525e-14,1,0,2.808569196691204e-12,1.0340056189244419e-12
92,2.3760814063910935e-13,3.460931208580862e-13,-1.0848498021897688e-13,1,0,6.722005951618406e-13,2.474780373083033e-13
93,4.488465382361152e-13,5.184816473469969e-13,-6.963510911088169e-14,1,0,7.015750570115624e-13,2.5829256829485586e-13
94,1.0732778942380032e-13,1.167818584433702e-13,-9.45406901956989e-15,1,0,1.0535000201772319e-13,3.878576115139383e-14
95,2.1039606276180777e-12,1.869371470236054e-12,2.3458915738202356e-13,0,1,4.034319301863193e-12,1.4852789924408337e-12
96,1.1688342649071193e-13,1.759524529982589e-13,-5.906902650754698e-14,1,0,2.5577601952009114e-13,9.416675283681119e-14
97,5.425238796249382e-11,5.519077573673994e-11,-9.383877742461246e-13,1,0,3.563856720375317e-11,1.3120730221819329e-11
98,8.250092026820853e-14,8.440171336530503e-14,-1.9007930970964958e-15,1,0,7.430740346988538e-14,2.7357087304833392e-14
99,1.7383048060877036e-13,1.8037622588699977e-13,-6.545745278229408e-15,1,0,1.3864671716129502e-13,5.1044312797812535e-14
100,4.867408049971168e-13,6.348375883492296e-13,-1.4809678335211282e-13,1,0,1.0351129393175374e-12,3.810882056018672e-13
101,6.75556357336148e-13,6.709440445625346e-13,4.6123127736134536e-15,0,1,8.456917614240865e-13,3.1135071702018595e-13
102,2.5559963989478265e-14,2.872932416873653e-14,-3.1693601792582647e-15,1,0,4.607258012192617e-14,1.6962126758543968e-14
103,5.1856033869711847e-14,6.112177367365241e-14,-9.265739803940567e-15,1,0,8.932320195481705e-14,3.288531855665665e-14
104,1.2698154876124144e-13,1.7541756880350109e-13,-4.843602004225965e-14,1,0,2.6003169396307234e-13,9.573352615738305e-14
105,1.2998719279849857e-12,1.6672548498954606e-12,-3.6738292191047483e-13,1,0,2.2543477295896996e-12,8.299628943276475e-13
106,9.067407289546266e-14,1.2862496318407667e-13,-3.795089028861401e-14,1,0,2.030419026016657e-13,7.475210808926164e-14
107,5.086831127454649e-13,6.316158883347597e-13,-1.2293277558929475e-13,1,0,1.1696829648257995e-12,4.3063163956043854e-13
108,2.944345703569586e-14,3.480236855643447e-14,-5.3589115207386095e-15,1,0,6.241083716654044e-14,2.2977235664340476e-14
109,3.6748473542004256e-13,4.4697291480461705e-13,-7.948817938457449e-14,1,0,4.956562351412801e-13,1.8248129075645046e-13
110,3.8758022855346916e-14,4.726340222142858e-14,-8.505379366081662e-15,1,0,6.095947179706829e-14,2.2442899551520268e-14
111,2.389883180877496e-13,2.8984388782706317e-13,-5.085556973931358e-14,1,0,4.1692328963785136e-13,1.5349489151055426e-13
112,1.147197667038354e-13,1.182342025480477e-13,-3.5144358442123014e-15,1,0,7.72895834068173e-14,2.8455009625944135e-14
113,2.1329104453310867e-13,2.8482917961054054e-13,-7.153813507743187e-14,1,0,4.877432062267401e-13,1.7956802218895872e-13
114,8.108754855429729e-13,7.642311949250659e-13,4.664429061790691e-14,0,1,5.194623094041863e-13,1.912457586504149e-13
115,8.950967675204542e-12,9.738796809159395e-12,-7.878291339548531e-13,1,0,1.4430204095611313e-11,5.312638241089815e-12
116,6.062963713501881e-13,6.065726657565797e-13,-2.762944063916015e-16,1,0,1.2886270952673698e-12,4.744222285050013e-13
117,3.0403554453156833e-13,3.5014761620760835e-13,-4.611207167604002e-14,1,0,3.5180601466810406e-13,1.2952125102233324e-13
118,1.9372191961572656e-13,2.1154194620671522e-13,-1.7820026590988667e-14,1,0,2.0725061281866775e-13,7.630159101385247e-14
119,4.433407347034633e-13,4.813746458189779e-13,-3.8033911115514606e-14,1,0,2.4592688839207987e-13,9.054068695960753e-14
120,2.6107960215355196e-13,2.77702416740441e-13,-1.662281458688903e-14,1,0,1.5289184773166283e-13,5.628881418642907e-14
121,2.2158376701204497e-13,3.0118573142358076e-13,-7.960196441153579e-14,1,0,5.660832255322432e-13,2.0840976133641174e-13
122,1.4612284407290302e-13,1.828674321146976e-13,-3.674458804179457e-14,1,0,2.0233168440884213e-13,7.449063345552033e-14
123,1.3182778248418844e-12,1.479232075199386e-12,-1.6095425035750163e-13,1,0,1.22904931341414e-12,4.5248801329254726e-13
124,2.1917800959425279e-13,2.1506329307005597e-13,4.114716524196813e-15,0,1,1.8117260173335698e-13,6.670068460771775e-14
125,5.850053110043759e-13,6.617571302545189e-13,-7.675181925014295e-14,1,0,6.4271349922294e-13,2.3662203884385115e-13
126,2.0163372114292001e-13,2.247731215923773e-13,-2.3139400449457297e-14,1,0,2.185898013521422e-13,8.047623790219306e-14
127,2.5545475268383253e-12,2.52808203113752e-12,2.646549570080532e-14,0,1,2.784930323320828e-12,1.0253027078767781e-12
128,3.6502057913276577e-13,3.53094003739946e-13,1.1926575392819786e-14,0,1,4.758130544528017e-13,1.751758056883268e-13
129,3.243577044958805e-12,3.919035417759989e-12,-6.754583728011838e-13,1,0,5.277835665947635e-12,1.943093209445926e-12
130,1.8835063161200923e-12,1.949450041623723e-12,-6.594372550363076e-14,1,0,1.5882338145108338e-12,5.847257351909792e-13
131,1.4770462357617585e-13,2.1567663668671192e-13,-6.797201311053607e-14,1,0,2.9280139501204853e-13,1.0779805177243095e-13
132,9.055800536591874e-14,1.3075739853863901e-13,-4.019939317272027e-14,1,0,1.943330953901651e-13,7.154586499529402e-14
133,2.4471665569577907e-13,2.63229827592097e-13,-1.8513171896317927e-14,1,0,3.0323510830136675e-13,1.1163933799749947e-13
134,1.770374040035621e-13,1.9440216549654522e-13,-1.736476149298312e-14,1,0,1.3550480770151586e-13,4.9887584297268237e-14
135,6.913805246271158e-14,8.789551038827557e-14,-1.8757457925563985e-14,1,0,1.1173951574116629e-13,4.1138130856230905e-14
136,1.1671625460855008e-13,1.1674313200715516e-13,-2.687739860508076e-17,1,0,8.251728963160117e-14,3.037964713064975e-14
137,1.5779246686569232e-13,2.2170416849722141e-13,-6.391170163152909e-14,1,0,3.0661755044826183e-13,1.1288462125051554e-13
138,1.3490335970928525e-13,1.654107610657242e-13,-3.050740135643896e-14,1,0,1.479711987433955e-13,5.447722317823264e-14
139,8.724650410298288e-13,1.3654572387330057e-12,-4.92992197703177e-13,1,0,2.618421245544406e-12,9.6400056078153e-13
140,1.0952585071524717e-13,1.3258434187527265e-13,-2.3058491160025476e-14,1,0,1.2880440932772758e-13,4.742075899145363e-14
141,1.50381364156988e-13,2.1932142596691174e-13,-6.894006180992373e-14,1,0,3.3503171442566527e-13,1.2334560802067912e-13
142,1.351564921784405e-13,1.474099984481925e-13,-1.225350626975202e-14,1,0,1.8308470447709533e-13,6.740464624886782e-14
143,5.450381738159276e-14,6.88298502522762e-14,-1.432603287068344e-14,1,0,1.072941886734274e-13,3.950153483737045e-14
144,2.3418959872245287e-13,2.3693167139111543e-13,-2.7420726686625624e-15,1,0,2.4027571343634e-13,8.846014478722873e-14
145,1.2284542110588786e-13,1.8675448977311974e-13,-6.390906866723188e-14,1,0,3.2982997444590915e-13,1.2143053027447713e-13
146,2.929727617822592e-13,3.08266675646705e-13,-1.5293913864445795e-14,1,0,2.2557936808129574e-13,8.304952371630317e-14
147,2.5763422862796747e-13,2.826545609741051e-13,-2.502033234613762e-14,1,0,4.77570712943198e-13,1.758229069801024e-13
148,6.407939140968791e-14,7.729523737193122e-14,-1.3215845962243309e-14,1,0,1.1673926678952293e-13,4.2978844157265e-14
149,3.7801562208121994e-13,6.535919715812757e-13,-2.755763495000558e-13,1,0,1.0972341898274321e-12,4.039588267556982e-13
150,6.615196124725989e-14,7.734061295221058e-14,-1.118865170495069e-14,1,0,1.0682926190427812e-13,3.933036693726847e-14
151,6.981499829057432e-14,6.959563670417505e-14,2.1936158639926746e-16,0,1,6.045157409774753e-14,2.225591143117943e-14
152,4.0934185665328373e-13,4.1038523767275994e-13,-1.0433810194762104e-15,1,0,4.642267962824341e-13,1.709101973976059e-13
153,1.1051352986243769e-13,1.6826168071530586e-13,-5.774815085286817e-14,1,0,2.5162994539446735e-13,9.264033007769852e-14
154,5.4650155061624454e-14,6.105972827245738e-14,-6.409573210832924e-15,1,0,8.90572147558e-14,3.2787392445856315e-14
155,2.787634860562662e-13,3.0857667016886156e-13,-2.981318411259535e-14,1,0,3.999547841406998e-13,1.4724774970985534e-13
156,3.205464440898276e-12,4.0195157166602255e-12,-8.140512757619493e-13,1,0,5.534510015411115e-12,2.0375906923249974e-12
157,1.961695723281401e-13,2.277361273956006e-13,-3.1566555067460513e-14,1,0,2.6836016999695733e-13,9.879974614806732e-14
158,1.4297868290903357e-12,1.5245808567238227e-12,-9.479402763348694e-14,1,0,2.194910856740351e-12,8.080805563137122e-13
159,6.134915442827365e-14,7.128480412788928e-14,-9.935649699615633e-15,1,0,7.503058850638796e-14,2.7623335824594524e-14
160,2.3560527893822097e-13,3.0299925772758585e-13,-6.739397878936487e-14,1,0,3.705207773765542e-13,1.3641129660859573e-13
161,7.675740760915882e-13,8.124510231067717e-13,-4.487694701518355e-14,1,0,5.275703160617086e-13,1.942308104169983e-13
162,3.7474001164398947e-13,4.410334260263407e-13,-6.629341438235123e-14,1,0,6.438000621772971e-13,2.370220689379802e-13
163,6.123554400955864e-14,8.051736278473923e-14,-1.928181877518059e-14,1,0,1.3807797299566564e-13,5.08349233821328e-14
164,4.945439132339645e-13,5.448810755372091e-13,-5.033716230324455e-14,1,0,5.621374693240984e-13,2.0695708782032596e-13
165,1.3582901222582302e-13,1.8314298994643457e-13,-4.731397772061155e-14,1,0,2.512691672386441e-13,9.250750563429655e-14
166,2.433793864396248e-14,2.997136682552271e-14,-5.63342818156023e-15,1,0,4.419633438438802e-14,1.627136626833313e-14
167,2.468055741871784e-13,4.048271237000744e-13,-1.5802154951289604e-13,1,0,6.685518822228488e-13,2.4613472353657763e-13
168,6.799978267549599e-14,7.48779650492382e-14,-6.878182373742207e-15,1,0,9.59761131774962e-14,3.533466094585614e-14
169,8.538151256272339e-14,1.0049678963286064e-13,-1.5115277070137246e-14,1,0,1.409666233478701e-13,5.189841175863652e-14
170,1.0786272241870343e-13,1.2958541754800611e-13,-2.172269512930268e-14,1,0,1.4280924450097763e-13,5.257679298851928e-14
171,5.850258679882377e-14,7.836847826150145e-14,-1.9865891462677684e-14,1,0,9.368570612517532e-14,3.44914224155347e-14
172,3.524411357017511e-14,4.396199941089379e-14,-8.717885840718686e-15,1,0,9.191301009586042e-14,3.3838784888527677e-14
173,1.2724681946822183e-13,1.3704758142618437e-13,-9.800761957962544e-15,1,0,7.766966884788848e-14,2.859494225861774e-14
174,3.8308051977498506e-14,6.875655000124175e-14,-3.044849802374324e-14,1,0,1.2890646910721488e-13,4.7458333421017404e-14
175,7.09953187943756e-14,7.553338198009125e-14,-4.538063185715654e-15,1,0,4.608919882583597e-14,1.6968245117045593e-14
176,1.928438400254038e-12,3.807102820363822e-12,-1.8786644201097843e-12,1,0,7.644878072503948e-12,2.814545887733191e-12
177,1.5853568640262633e-13,1.6853656620822586e-13,-1.0000879805599531e-14,1,0,1.6673929337502644e-13,6.138690349818871e-14
178,4.5705886724354074e-14,5.437801682872e-14,-8.672130104365923e-15,1,0,7.723779918960857e-14,2.843594469721512e-14
179,9.933447500199064e-14,1.2265408892959004e-13,-2.3319613927599396e-14,1,0,1.5119534281188276e-13,5.566422725381863e-14
180,5.205525611309016e-14,6.008102297656218e-14,-8.025766863472017e-15,1,0,8.126892313939636e-14,2.9920047285669074e-14
181,5.935335997995264e-14,6.976962261776194e-14,-1.04162626378093e-14,1,0,9.419373806175728e-14,3.467845995679866e-14
182,8.015846830176384e-14,8.193261720265939e-14,-1.7741489008955489e-15,1,0,6.25955922756859e-14,2.3045255288427527e-14
183,7.684258887201568e-14,7.129293249640661e-14,5.549656375609075e-15,0,1,1.1335733296422064e-13,4.173374804843031e-14
184,1.4757824998402478e-13,1.4444722557359293e-13,3.131024410431859e-15,0,1,1.1961740625482416e-13,4.403846283522947e-14
185,1.0044957866527703e-13,1.036176402966651e-13,-3.1680616313880774e-15,1,0,1.3731266065156394e-13,5.055316523105514e-14
186,5.013449209854116e-13,4.956360324915723e-13,5.708888493839277e-15,0,1,3.1326013126905837e-13,1.1533016038871985e-13
187,3.2069501909581713e-14,4.8727376911233644e-14,-1.665787500165193e-14,1,0,9.573851220375239e-14,3.5247185535884954e-14
188,1.4955610280218837e-13,2.1767834433830999e-13,-6.812224153612162e-14,1,0,2.776520553672757e-13,1.022206558748528e-13
189,4.0557902793336326e-13,4.5334060250723276e-13,-4.77615745738695e-14,1,0,3.390173976524687e-13,1.248129811075245e-13
190,1.4608252558331323e-13,2.3394751588084777e-13,-8.786499029753454e-14,1,0,3.4528184337140263e-13,1.2711930565187114e-13
191,2.0029635465816847e-13,2.1502336810586905e-13,-1.472701344770058e-14,1,0,1.9406607001738348e-13,7.144755666941162e-14
192,1.38445212495839e-13,1.6301350416154834e-13,-2.4568291665709344e-14,1,0,2.160178984562517e-13,7.952936358312276e-14
193,1.263226237473195e-13,1.7608611645960581e-13,-4.9763492712286325e-14,1,0,2.616429477825746e-13,9.632672696042596e-14
194,4.410051377576028e-14,4.852678803836305e-14,-4.4262742626027725e-15,1,0,6.43734089731264e-14,2.3699778045686578e-14
195,6.208491858511902e-13,7.391922883373824e-13,-1.1834310248619215e-13,1,0,1.401013030819579e-12,5.157983459195089e-13
196,2.1412292152938075e-12,2.1905201761691793e-12,-4.9290960875371874e-14,1,0,1.6044364129225067e-12,5.906908998800256e-13
197,1.8315711052744e-13,1.9681611684082216e-13,-1.3659006313382155e-14,1,0,1.4072386814596824e-13,5.1809038762918494e-14
198,6.242194882774376e-13,6.263343263237822e-13,-2.114838046344559e-15,1,0,3.883478049788311e-13,1.4297451275836757e-13
199,1.370809746540227e-13,1.6612086637994693e-13,-2.9039891725924215e-14,1,0,2.1855368276344352e-13,8.046294044678194e-14
200,1.645903690495874e-13,2.0099385714044757e-13,-3.640348809086017e-14,1,0,2.920038500862614e-13,1.0750442684213545e-13
201,7.279283169409911e-14,1.0555796295239655e-13,-3.276513125829744e-14,1,0,1.8189412291122398e-13,6.696632055963462e-14
202,4.0919074052526064e-14,4.997914136659859e-14,-9.060067314072526e-15,1,0,7.575993567335812e-14,2.7891853000415663e-14
203,6.05207414893544e-14,6.42898988184962e-14,-3.769157329141799e-15,1,0,5.785013435283186e-14,2.129816279649912e-14
204,1.229461186986771e-13,1.3898587234711148e-13,-1.6039753648434388e-14,1,0,1.9178678051208925e-13,7.060841118622171e-14
205,1.2390271042397357e-13,1.5421970781181606e-13,-3.031699738784249e-14,1,0,1.8937073941111745e-13,6.971891910003763e-14
206,6.755372243074496e-13,7.866635704081193e-13,-1.1112634610066975e-13,1,0,6.139304635359011e-13,2.2602524789949285e-13
207,2.4111787211519895e-13,2.3632214334443767e-13,4.795728770761282e-15,0,1,1.3085044279879477e-13,4.817402870191096e-14
208,1.5602715489766736e-11,1.4181314579224022e-11,1.4214009105427135e-12,0,1,1.83785599926952e-11,6.766268861231901e-12
209,6.406381888531797e-14,6.677126077845044e-14,-2.707441893132472e-15,1,0,3.429804934999124e-14,1.262720384023993e-14
210,1.8473013689733368e-13,1.999830575563012e-13,-1.5252920658967513e-14,1,0,2.608455959909405e-13,9.603317313459165e-14
211,6.806482369621213e-14,7.49383698371986e-14,-6.873546140986463e-15,1,0,9.547504694662194e-14,3.515018790570899e-14
212,2.0209921992840415e-13,2.2492091052838773e-13,-2.2821690599983582e-14,1,0,1.7050559893920093e-13,6.277351028734341e-14
213,1.0656598376496637e-11,1.3493489316808887e-11,-2.83689094031225e-12,1,0,1.9026759232224534e-11,7.004910535663672e-12
214,4.69942113119617e-13,5.77824855616933e-13,-1.0788274249731605e-13,1,0,6.544862459260827e-13,2.409563049376205e-13
215,2.527502404032848e-13,2.5074619320303206e-13,2.0040472002527333e-15,0,1,1.696547162406615e-13,6.246024846977029e-14
216,6.300373096756339e-14,7.976921628243815e-14,-1.6765485314874764e-14,1,0,1.1076106203104609e-13,4.077790236860323e-14
217,4.079450579802697e-14,3.941166454302377e-14,1.3828412550031964e-15,0,1,6.044695587659164e-14,2.2254211182301728e-14
218,8.157240725385559e-13,8.70551894651464e-13,-5.4827822112908165e-14,1,0,5.35691124521269e-13,1.9722057530770745e-13
219,2.167098770051756e-13,2.3084325378267383e-13,-1.4133376777498238e-14,1,0,1.5170568614691887e-13,5.58521157618282e-14
220,7.337321933676287e-14,8.845663398823794e-14,-1.5083414651475075e-14,1,0,1.43798365925535e-13,5.294094891246653e-14
221,1.371071241915818e-13,1.6659100391821658e-13,-2.948387972663478e-14,1,0,2.658869848729396e-13,9.788921586172528e-14
222,2.9552570131606027e-14,3.087577194368267e-14,-1.3232018120766451e-15,1,0,4.120363045156007e-14,1.5169569422463352e-14
223,3.3293583531424684e-13,3.4546474958412186e-13,-1.2528914269875025e-14,1,0,2.6728159528992587e-13,9.840265701499053e-14
224,9.588473437992947e-14,1.0131467857978193e-13,-5.429944199852463e-15,1,0,1.145265645914585e-13,4.216421352309707e-14
225,2.830985606920857e-13,2.822776078014247e-13,8.2095289066099e-16,0,1,4.4082475420273707e-13,1.622944783926333e-13
226,1.835079052631604e-13,1.9398623843550408e-13,-1.0478333172343679e-14,1,0,1.05508266011894e-13,3.884402778033743e-14
227,2.8099188168411778e-14,3.213506388067149e-14,-4.0358757122597145e-15,1,0,3.2526080089271785e-14,1.1974833881079278e-14
228,1.6805172760196517e-13,1.8907573466094433e-13,-2.1024007058979166e-14,1,0,1.6597886463304408e-13,6.110694329890725e-14
229,4.3464070484972126e-13,4.4095826500736546e-13,-6.317560157644199e-15,1,0,2.266751434699329e-13,8.345294546936689e-14
230,6.205940756633923e-13,6.362837573254278e-13,-1.568968166203553e-14,1,0,7.748102586598412e-13,2.852549127144264e-13
231,8.43390544698132e-14,9.344120194166804e-14,-9.102147471854846e-15,1,0,9.021094298375635e-14,3.3212150173678737e-14
232,8.839667563692039e-13,8.498665954636737e-13,3.4100160905530225e-14,0,1,6.647728885156055e-13,2.4474344546809593e-13
233,7.253126498468767e-14,8.043051690340952e-14,-7.899251918721848e-15,1,0,4.9899976179899305e-14,1.837122468444015e-14
234,2.2567186187492008e-13,2.757532110049859e-13,-5.0081349130065824e-14,1,0,3.2106261208534183e-13,1.1820272945879723e-13
235,7.905514557569955e-13,8.664232570910817e-13,-7.587180133408621e-14,1,0,3.941812780930165e-13,1.4512217000142875e-13
236,3.1220120686668067e-14,3.2836941585068047e-14,-1.6168208983999802e-15,1,0,3.4133726307981515e-14,1.2566706506239049e-14
237,5.4015313176512965e-14,6.824946600126481e-14,-1.4234152824751846e-14,1,0,8.915463359130787e-14,3.282325826088515e-14
238,2.9918748845588936e-13,3.2721901127290157e-13,-2.8031522817012207e-14,1,0,2.807926247570827e-13,1.0337689101390805e-13
239,5.24039497332032e-12,5.864848379965286e-12,-6.244534066449662e-13,1,0,4.049125920495074e-12,1.4907302118306473e-12
240,4.363571500045829e-13,5.318472725400967e-13,-9.549012253551377e-14,1,0,4.782835036161961e-13,1.7608532870069422e-13
241,3.139247554057224e-13,3.13162499610833e-13,7.622557948893858e-16,0,1,2.223911402460101e-13,8.187574259672796e-14
242,9.772466854666844e-13,1.0507396211985013e-12,-7.349293573181683e-14,1,0,9.294423659860952e-13,3.4218442259790803e-13
243,1.6438647959366098e-14,1.991760325882362e-14,-3.4789552994575225e-15,1,0,3.577773295260983e-14,1.31719656218405e-14
244,2.7644746611539312e-14,2.8310952139568563e-14,-6.662055280292506e-16,1,0,2.903847966337e-14,1.0690835451845557e-14
245,8.928975473400581e-14,1.478626627260993e-13,-5.85729079920935e-14,1,0,3.009158986789278e-13,1.1078549548441819e-13
246,1.7652392413958576e-13,1.822659177276619e-13,-5.741993588076137e-15,1,0,2.1886788342877058e-13,8.057861687512159e-14
247,4.862321885214426e-13,5.494043447266229e-13,-6.317215620518024e-14,1,0,5.255335831353657e-13,1.9348096480430408e-13
248,3.617444912131385e-14,3.5487121853638606e-14,6.87327267675244e-16,0,1,4.154102723241937e-14,1.529378575568617e-14
249,5.533184761707098e-13,5.752208420476394e-13,-2.19023658769296e-14,1,0,7.927323913883061e-13,2.918531428617108e-13
250,2.8826343071826795e-13,4.645379685166914e-13,-1.762745377984235e-13,1,0,7.044580174442798e-13,2.5935396186496214e-13
251,6.198013371135579e-13,6.322645887319792e-13,-1.2463251618421265e-14,1,0,7.040482456686851e-13,2.592030998819493e-13
252,1.0092888620923896e-13,1.0480122118754659e-13,-3.872334978307628e-15,1,0,7.842467873999268e-14,2.8872907448757613e-14
253,6.135938601081906e-14,6.208336619195242e-14,-7.239801811333679e-16,1,0,4.9454856366283577e-14,1.8207348932717353e-14
254,2.2847626086994914e-13,2.706465869854289e-13,-4.217032611547976e-14,1,0,3.482200082313252e-13,1.282010233386084e-13
255,2.1282309238535118e-13,3.022158825132397e-13,-8.939279012788852e-14,1,0,4.307600200634149e-13,1.5858903589710914e-13
256,2.160205309031649e-13,2.5619298299057314e-13,-4.0172452087408244e-14,1,0,3.2709868181353445e-13,1.2042497487205744e-13
257,2.88653223352935e-13,3.1057906231502465e-13,-2.1925838962089654e-14,1,0,2.8961376169358394e-13,1.0662448953075778e-13
258,1.3655818648295184e-13,1.4890971158182917e-13,-1.235152509887733e-14,1,0,1.175631038493448e-13,4.3282148825683914e-14
259,1.2554791257681166e-13,1.2289875216251899e-13,2.6491604142926763e-15,0,1,8.294506272032976e-14,3.053713649494639e-14
260,1.0184004974519027e-13,1.1197812289129312e-13,-1.0138073146102853e-14,1,0,1.5661457742123373e-13,5.765937803840327e-14
261,9.26841494752695e-13,8.747705431139543e-13,5.207095163874066e-14,0,1,4.2973721218096915e-13,1.582124779334403e-13
262,1.0203254560427879e-13,1.1516429800629527e-13,-1.3131752402016483e-14,1,0,1.6439517301390903e-13,6.052388982286743e-14
263,5.5229306853882684e-14,6.025037221929164e-14,-5.021065365408952e-15,1,0,7.558783534405327e-14,2.7828492372616423e-14
264,3.7753716662474076e-14,4.0433876304622407e-14,-2.6801596421483308e-15,1,0,4.408777023537323e-14,1.623139718363787e-14
265,7.660063546017869e-13,7.517832336322507e-13,1.4223120969536213e-14,0,1,5.365295747896462e-13,1.9752925998947071e-13
266,6.366826716916676e-13,6.762108524471522e-13,-3.9528180755484626e-14,1,0,3.826094719122232e-13,1.4086188236951236e-13
267,1.0908158738200655e-13,1.3167892955900904e-13,-2.2597342177002488e-14,1,0,1.2217495693830553e-13,4.498005322955528e-14
268,3.8592805954553905e-13,3.988876289972122e-13,-1.2959569451673151e-14,1,0,2.6714063681856673e-13,9.835076160447613e-14
269,3.169621857736576e-13,2.88014911731363e-13,2.894727404229457e-14,0,1,2.4502267374032795e-13,9.020779039728434e-14
270,4.468912881411706e-14,5.1779086447413514e-14,-7.089957633296455e-15,1,0,5.1931154367266305e-14,1.9119025258927885e-14
271,3.90444758721774e-13,4.0820787203515484e-13,-1.776311331338082e-14,1,0,4.699054723053702e-13,1.7300086439013894e-13
272,3.377187754375987e-13,4.3293526680280827e-13,-9.521649136520958e-14,1,0,6.614628435378925e-13,2.4352481602863613e-13
273,2.0713110905079896e-12,2.070126458411637e-12,1.1846320963526323e-15,0,1,3.5938251130981742e-12,1.323106215347362e-12
274,8.232523553487587e-14,1.38330710812356e-13,-5.6005475277480126e-14,1,0,2.658834727724356e-13,9.788792284332301e-14
275,7.409695696048114e-13,7.303771251784123e-13,1.0592444426399032e-14,0,1,3.529418709319545e-13,1.2993942899013817e-13
276,5.972450231934602e-14,6.383990298847398e-14,-4.115400669127957e-15,1,0,1.1694232496369522e-13,4.305360225591182e-14
277,2.9359633527092136e-13,3.1039610277314834e-13,-1.6799767502226982e-14,1,0,3.83399360050223e-13,1.4115268836922773e-13
278,7.379076774756416e-13,7.258089053552067e-13,1.2098772120434966e-14,0,1,9.68946386339398e-13,3.5672826188217534e-13
279,4.989996919034579e-13,4.939297285600774e-13,5.0699633433805855e-15,0,1,4.5050369896562353e-13,1.6585788828898713e-13
280,7.66230670886125e-13,1.0045232914933099e-12,-2.3829262060718485e-13,1,0,1.4799785078576734e-12,5.448703542056612e-13
281,1.1200905742367204e-13,1.312731547623848e-13,-1.926409733871275e-14,1,0,1.6258397655540396e-13,5.985707793969338e-14
282,4.1459997745875724e-14,5.234200349160182e-14,-1.0882005745726097e-14,1,0,5.1811895165718536e-14,1.907511867309261e-14
283,1.551218746293697e-12,1.857743065131969e-12,-3.065243188382721e-13,1,0,2.0571305564579005e-12,7.573552244126892e-13
284,1.7605592844126e-13,2.8154627047559566e-13,-1.0549034203433566e-13,1,0,4.788287728927372e-13,1.7628607557794212e-13
285,1.5291010424740065e-13,1.4837918335429467e-13,4.530920893105976e-15,0,1,1.4572649800976657e-13,5.3650811931498685e-14
286,3.9674930725919514e-13,4.164369610247144e-13,-1.9687653765519258e-14,1,0,4.3849251770488196e-13,1.6143583989218835e-13
287,2.6368536674940124e-14,3.671869598468806e-14,-1.0350159309747936e-14,1,0,5.3125635608537816e-14,1.9558786656521245e-14
288,2.099067630764078e-13,2.3118808790358033e-13,-2.1281324827172535e-14,1,0,2.718506415647165e-13,1.0008480161973275e-13
289,0.0,6.297508837226463e-17,-6.297508837226463e-17,1,0,1.2607131357750586e-16,4.6414539751380373e-17
